trial_id,strategy,parameters,score,total_return_pct,buy_hold_return_pct,buy_hold_max_drawdown_pct,max_drawdown_pct,cagr_pct,sharpe_ratio,sortino_ratio,total_trades,final_balance
80,Strategy_62_RSIAvgs,"{""ma_periods"": [5, 10, 20], ""overbought"": 49, ""oversold"": 24, ""rsi_period"": 17, ""signal_threshold"": 0.6}",70.61,779.8192780549622,-24.21430939037421,-99.7381334979267,-29.773829954724405,792.0281178401316,3.4978196103922286,0.7507786886141288,28,8798.192780549622
118,CSMARevertStrategy,"{""atr_mult"": 2.7569630081013057, ""atr_period"": 32, ""entry_drop"": 0.1531963163373592, ""exit_up"": 0.048, ""n_sma"": 576, ""rsi_max"": 33.39967914850505, ""rsi_period"": 22, ""timeframe_minutes"": 5}",70.0,531.3678282041067,-24.21430939037421,-99.7381334979267,-92.42169317010021,538.7842780688142,2.2167628366572156,0.8440154767440191,41,6313.678282041067
55,Strategy_62_RSIAvgs,"{""ma_periods"": [5, 10, 20], ""overbought"": 43, ""oversold"": 25, ""rsi_period"": 24, ""signal_threshold"": 0.9521234142622131}",69.79,743.4017264420413,-24.21430939037421,-99.7381334979267,-31.41533783835263,754.876160708781,3.673678212303354,0.5013171563582481,11,8434.017264420414
60,Strategy_62_RSIAvgs,"{""ma_periods"": [5, 10, 20], ""overbought"": 56, ""oversold"": 30, ""rsi_period"": 17, ""signal_threshold"": 0.9822604917081802}",66.0,352.2486948832805,-24.21430939037421,-99.7381334979267,-70.37616429859199,356.5945883644731,1.9425799990350232,0.7254391026197012,113,4522.486948832805
1,CompositeMomentumIndexStrategy,"{""roc_period"": 14, ""rsi_period"": 25, ""signal_threshold"": 0.7, ""tsi_long"": 23, ""tsi_short"": 8}",65.5,1726.6554455592477,-24.21430939037421,-99.7381334979267,-90.90899942035837,1760.597160092578,2.5237909237275384,1.2162486585743286,16,18266.554455592475
100,Strategy_62_RSIAvgs,"{""ma_periods"": [5, 10, 20], ""overbought"": 47, ""oversold"": 21, ""rsi_period"": 14, ""signal_threshold"": 0.6}",65.5,875.9640483908461,-24.21430939037421,-99.7381334979267,-63.329173397659446,890.1576160082227,3.0917185184045213,0.41019437845876555,19,9759.64048390846
87,GridTradingStrategyV2Aggressive,"{""allow_bear_breakout_sell"": 1, ""atr_mult"": 1.2336876391930391, ""breakout_slope_min"": 0.003267386164038373, ""breakout_window"": 65, ""buy_spacing_mult_bear"": 1.415026287122219, ""center_lookback"": 20, ""cooldown_bars"": 3, ""fee_pct"": 0.0025, ""min_edge_pct"": 0.025968113256307605, ""min_step_pct"": 0.02, ""min_strength"": 0.6111882428658272, ""no_sell_above_ema_fast_in_bull"": 1, ""num_grids"": 9, ""recenter_dwell_bars"": 11, ""recenter_threshold_pct"": 0.12, ""sell_spacing_mult_bull"": 1.2736653385328962, ""side_when_bear"": 1, ""slippage_pct"": 0.01, ""strong_slope_min"": 0.00670505865672559, ""timeframe_minutes"": 60, ""tol_buy_hi"": 0.005, ""tol_buy_lo"": 0.01417349648476695, ""tol_sell_hi"": 0.01531465502619303, ""tol_sell_lo"": 0.007827350986633588, ""trail_atr_mult"": 2.0, ""trend_ema_fast"": 44, ""trend_ema_slow"": 259}",65.5,112.81800521570405,-24.21430939037421,-99.7381334979267,-99.71037757388707,113.83909763165319,2.0800548592913133,1.986423200909864,7,2128.1800521570403
123,CSMARevertStrategy,"{""atr_mult"": 0.555077525927046, ""atr_period"": 7, ""entry_drop"": 0.956145950894994, ""exit_up"": 0.6361752956039902, ""n_sma"": 996, ""rsi_max"": 44.28376316002291, ""rsi_period"": 37, ""timeframe_minutes"": 5}",65.5,660.153738012609,-24.21430939037421,-99.7381334979267,-71.70570864298075,669.9883008734013,2.594129971529033,0.31627588958082775,1,7601.53738012609
116,CompositeMomentumIndexStrategy,"{""roc_period"": 20, ""rsi_period"": 28, ""signal_threshold"": 0.10357921941347333, ""tsi_long"": 16, ""tsi_short"": 18}",65.5,876.1237020193,-24.21430939037421,-99.7381334979267,-90.90899942035837,890.3206180996,2.1675812259121665,1.2949664555644174,15,9761.237020193
114,DonchianChampionAggressiveStrategy,"{""ema_exit_days"": 3.0, ""entry_days"": 15.854568302429119, ""exit_days"": 2.0, ""timeframe_minutes"": 5, ""trailing_drawdown_pct"": 0.17933803431876016}",65.5,1204.6858493435086,-24.21430939037421,-99.7381334979267,-43.00154947455107,1226.097460920199,3.468031036291444,1.618767229388571,10,13046.858493435086
72,GridTradingStrategyV2Aggressive,"{""allow_bear_breakout_sell"": 1, ""atr_mult"": 0.8535859817468961, ""breakout_slope_min"": 0.004411077826417353, ""breakout_window"": 20, ""buy_spacing_mult_bear"": 1.3846216272257033, ""center_lookback"": 18, ""cooldown_bars"": 0, ""fee_pct"": 0.0025, ""min_edge_pct"": 0.026817120508562865, ""min_step_pct"": 0.033777269079338965, ""min_strength"": 0.6871738199227441, ""no_sell_above_ema_fast_in_bull"": 0, ""num_grids"": 20, ""recenter_dwell_bars"": 8, ""recenter_threshold_pct"": 0.1457715929562525, ""sell_spacing_mult_bull"": 1.3, ""side_when_bear"": 1, ""slippage_pct"": 0.01, ""strong_slope_min"": 0.001418787250640171, ""timeframe_minutes"": 60, ""tol_buy_hi"": 0.01271531569186359, ""tol_buy_lo"": 0.010305445690467336, ""tol_sell_hi"": 0.015645569810005623, ""tol_sell_lo"": 0.0163686338518875, ""trail_atr_mult"": 2.207067945104405, ""trend_ema_fast"": 72, ""trend_ema_slow"": 237}",65.5,739.9353228577397,-24.21430939037421,-99.7381334979267,-97.28173647748807,751.340375881673,2.480513532828653,1.4532731511713413,15,8399.353228577396
111,CompositeMomentumIndexStrategy,"{""roc_period"": 10, ""rsi_period"": 27, ""signal_threshold"": 0.9415646346592792, ""tsi_long"": 34, ""tsi_short"": 8}",65.5,1531.6145420680464,-24.21430939037421,-99.7381334979267,-90.90899942035837,1560.743270583298,2.4136357735278153,1.468155168708483,11,16316.145420680463
62,GridTradingStrategyV2Aggressive,"{""allow_bear_breakout_sell"": 1, ""atr_mult"": 1.1449026320229612, ""breakout_slope_min"": 0.0005, ""breakout_window"": 20, ""buy_spacing_mult_bear"": 1.2, ""center_lookback"": 25, ""cooldown_bars"": 2, ""fee_pct"": 0.0025, ""min_edge_pct"": 0.00977194007419922, ""min_step_pct"": 0.03962994349570846, ""min_strength"": 0.568315451051324, ""no_sell_above_ema_fast_in_bull"": 0, ""num_grids"": 10, ""recenter_dwell_bars"": 13, ""recenter_threshold_pct"": 0.22003728575563786, ""sell_spacing_mult_bull"": 1.3, ""side_when_bear"": 1, ""slippage_pct"": 0.01, ""strong_slope_min"": 0.006549028130294392, ""timeframe_minutes"": 60, ""tol_buy_hi"": 0.013198401552032737, ""tol_buy_lo"": 0.008010344282603164, ""tol_sell_hi"": 0.005797125953666384, ""tol_sell_lo"": 0.011136958569440098, ""trail_atr_mult"": 1.8307309124037285, ""trend_ema_fast"": 78, ""trend_ema_slow"": 294}",65.5,397.1733074675024,-24.21430939037421,-99.7381334979267,-97.50597475843338,402.25226617924295,2.285103692572841,1.3689165657123308,15,4971.733074675024
57,GridTradingStrategyV2Aggressive,"{""allow_bear_breakout_sell"": 0, ""atr_mult"": 0.8099683786170402, ""breakout_slope_min"": 0.004737663862633339, ""breakout_window"": 38, ""buy_spacing_mult_bear"": 1.4360275328637506, ""center_lookback"": 23, ""cooldown_bars"": 3, ""fee_pct"": 0.0025, ""min_edge_pct"": 0.017601485955690853, ""min_step_pct"": 0.0183047061957731, ""min_strength"": 0.6607849834939402, ""no_sell_above_ema_fast_in_bull"": 1, ""num_grids"": 10, ""recenter_dwell_bars"": 12, ""recenter_threshold_pct"": 0.18452665239432012, ""sell_spacing_mult_bull"": 1.0855935019817655, ""side_when_bear"": 1, ""slippage_pct"": 0.01, ""strong_slope_min"": 0.0057822746440950035, ""timeframe_minutes"": 60, ""tol_buy_hi"": 0.013095975894335778, ""tol_buy_lo"": 0.010749557341616485, ""tol_sell_hi"": 0.01, ""tol_sell_lo"": 0.01685999702395855, ""trail_atr_mult"": 1.4492572488611535, ""trend_ema_fast"": 72, ""trend_ema_slow"": 288}",65.5,140.01759188572072,-24.21430939037421,-99.7381334979267,-98.13134496599743,141.3530854699082,2.02474677987363,1.3041042462229162,16,2400.1759188572073
104,DonchianChampionAggressiveStrategy,"{""ema_exit_days"": 4.096387510054118, ""entry_days"": 6.151666780613207, ""exit_days"": 1.2733923745387592, ""timeframe_minutes"": 5, ""trailing_drawdown_pct"": 0.2}",65.5,772.7189769809673,-24.21430939037421,-99.7381334979267,-59.19377784238969,784.7838525711946,2.602538411781586,1.4751710470872748,25,8727.189769809673
94,DonchianChampionAggressiveStrategy,"{""ema_exit_days"": 3.6645799257213096, ""entry_days"": 7.580149106681313, ""exit_days"": 2.629764229386462, ""timeframe_minutes"": 5, ""trailing_drawdown_pct"": 0.2}",65.5,456.25542328062386,-24.21430939037421,-99.7381334979267,-67.04741183384377,462.3379786335063,2.168048692572935,1.2514194126650995,21,5562.554232806238
52,GridTradingStrategyV2Aggressive,"{""allow_bear_breakout_sell"": 0, ""atr_mult"": 1.0, ""breakout_slope_min"": 0.0027350175055978125, ""breakout_window"": 60, ""buy_spacing_mult_bear"": 1.5230884891419765, ""center_lookback"": 32, ""cooldown_bars"": 2, ""fee_pct"": 0.0025, ""min_edge_pct"": 0.028455109045297924, ""min_step_pct"": 0.033160610543752224, ""min_strength"": 0.55, ""no_sell_above_ema_fast_in_bull"": 0, ""num_grids"": 10, ""recenter_dwell_bars"": 6, ""recenter_threshold_pct"": 0.12, ""sell_spacing_mult_bull"": 1.0074192810810372, ""side_when_bear"": 0, ""slippage_pct"": 0.01, ""strong_slope_min"": 0.001, ""timeframe_minutes"": 60, ""tol_buy_hi"": 0.014161624266298668, ""tol_buy_lo"": 0.011615701060551079, ""tol_sell_hi"": 0.01, ""tol_sell_lo"": 0.015229722297201412, ""trail_atr_mult"": 2.755193694863329, ""trend_ema_fast"": 44, ""trend_ema_slow"": 317}",65.5,248.4607803139045,-24.21430939037421,-99.7381334979267,-97.19662594215832,251.22853466875603,2.136351298407791,1.2384510838962877,18,3484.6078031390452
129,DonchianChampionAggressiveStrategy,"{""ema_exit_days"": 3.0, ""entry_days"": 11.301647476985178, ""exit_days"": 1.0035577817252996, ""timeframe_minutes"": 5, ""trailing_drawdown_pct"": 0.2}",65.5,297.745319872774,-24.21430939037421,-99.7381334979267,-53.05304240765961,301.24077498019545,2.0161388854324174,0.9613565831099338,21,3977.45319872774
93,CSMARevertStrategy,"{""atr_mult"": 1.7381021477979743, ""atr_period"": 18, ""entry_drop"": 0.37552476458592854, ""exit_up"": 0.2011498866387007, ""n_sma"": 576, ""rsi_max"": 32.0, ""rsi_period"": 8, ""timeframe_minutes"": 5}",65.5,1284.8763385040997,-24.21430939037421,-99.7381334979267,-92.18318994521731,1308.1361864245894,2.5871569427532894,0.4477991268047348,9,13848.763385040997
91,CompositeMomentumIndexStrategy,"{""roc_period"": 19, ""rsi_period"": 25, ""signal_threshold"": 0.08171212947515472, ""tsi_long"": 37, ""tsi_short"": 6}",65.5,791.5543725106365,-24.21430939037421,-99.7381334979267,-90.90899942035837,804.0019614139355,2.1214632854982147,1.2362234489370423,15,8915.543725106365
88,CSMARevertStrategy,"{""atr_mult"": 1.8, ""atr_period"": 14, ""entry_drop"": 0.25, ""exit_up"": 0.048, ""n_sma"": 421, ""rsi_max"": 43.924689768997254, ""rsi_period"": 16, ""timeframe_minutes"": 5}",65.5,2217.4820740271707,-24.21430939037421,-99.7381334979267,-92.19637766153357,2264.1070668423567,2.8323200501319326,0.5668803690650034,15,23174.82074027171
83,CSMARevertStrategy,"{""atr_mult"": 1.8, ""atr_period"": 21, ""entry_drop"": 0.25, ""exit_up"": 0.048, ""n_sma"": 707, ""rsi_max"": 26.644385787517006, ""rsi_period"": 48, ""timeframe_minutes"": 5}",65.5,477.1811370444122,-24.21430939037421,-99.7381334979267,-92.18318994521731,483.62908438642353,2.15876519247542,0.4379555969964576,10,5771.811370444122
81,CompositeMomentumIndexStrategy,"{""roc_period"": 10, ""rsi_period"": 22, ""signal_threshold"": 0.9484503662788973, ""tsi_long"": 16, ""tsi_short"": 11}",65.5,1781.4410525918247,-24.21430939037421,-99.7381334979267,-90.90899942035837,1816.759696116182,2.4595176656097397,1.7398569181642645,19,18814.410525918247
78,CSMARevertStrategy,"{""atr_mult"": 1.8, ""atr_period"": 18, ""entry_drop"": 0.4293528166764683, ""exit_up"": 0.945490739183619, ""n_sma"": 490, ""rsi_max"": 32.0, ""rsi_period"": 37, ""timeframe_minutes"": 5}",65.5,875.2963215203512,-24.21430939037421,-99.7381334979267,-92.18318994521731,889.4758865356029,2.437772906294408,0.3904800067383155,7,9752.963215203512
42,GridTradingStrategyV2Aggressive,"{""allow_bear_breakout_sell"": 1, ""atr_mult"": 0.898363149221473, ""breakout_slope_min"": 0.0044262185937960575, ""breakout_window"": 20, ""buy_spacing_mult_bear"": 1.2, ""center_lookback"": 29, ""cooldown_bars"": 2, ""fee_pct"": 0.0025, ""min_edge_pct"": 0.013112179966587659, ""min_step_pct"": 0.031057837929646854, ""min_strength"": 0.565100929286429, ""no_sell_above_ema_fast_in_bull"": 1, ""num_grids"": 9, ""recenter_dwell_bars"": 12, ""recenter_threshold_pct"": 0.1122254210701574, ""sell_spacing_mult_bull"": 1.3834429854915868, ""side_when_bear"": 1, ""slippage_pct"": 0.01, ""strong_slope_min"": 0.00538086771416336, ""timeframe_minutes"": 60, ""tol_buy_hi"": 0.006786162361165186, ""tol_buy_lo"": 0.011326830221089237, ""tol_sell_hi"": 0.01, ""tol_sell_lo"": 0.01877884612472934, ""trail_atr_mult"": 1.3973166558259784, ""trend_ema_fast"": 37, ""trend_ema_slow"": 200}",65.5,199.96933382660288,-24.21430939037421,-99.7381334979267,-97.9124714688373,202.06494058182548,2.09838834975117,1.270502906151961,16,2999.6933382660286
76,CompositeMomentumIndexStrategy,"{""roc_period"": 6, ""rsi_period"": 24, ""signal_threshold"": 0.4835151479866119, ""tsi_long"": 40, ""tsi_short"": 20}",65.5,8228.301111655632,-24.21430939037421,-99.7381334979267,-90.90899942035837,8465.010461603853,3.0297980750605435,2.971377645804291,4,83283.01111655631
69,DonchianChampionAggressiveStrategy,"{""ema_exit_days"": 3.721729861083481, ""entry_days"": 15.02734517611489, ""exit_days"": 1.6913365842938433, ""timeframe_minutes"": 5, ""trailing_drawdown_pct"": 0.2}",65.5,773.7604797176898,-24.21430939037421,-99.7381334979267,-58.16810199600572,785.8464492921715,2.9507204059108365,1.4190260257773466,12,8737.604797176899
126,CompositeMomentumIndexStrategy,"{""roc_period"": 10, ""rsi_period"": 22, ""signal_threshold"": 0.04670237371546396, ""tsi_long"": 23, ""tsi_short"": 13}",65.5,1167.235075364524,-24.21430939037421,-99.7381334979267,-90.90899942035837,1187.7943498922862,2.309905413938108,0.9445180992620025,16,12672.35075364524
134,DonchianChampionAggressiveStrategy,"{""ema_exit_days"": 3.661102183299149, ""entry_days"": 8.040155290295308, ""exit_days"": 2.0, ""timeframe_minutes"": 5, ""trailing_drawdown_pct"": 0.19186990351568256}",65.5,714.5465946503404,-24.21430939037421,-99.7381334979267,-65.9378112221199,725.4463274927522,2.5780002837852893,1.4402484572738368,19,8145.465946503403
71,CompositeMomentumIndexStrategy,"{""roc_period"": 6, ""rsi_period"": 30, ""signal_threshold"": 0.48271622450086604, ""tsi_long"": 25, ""tsi_short"": 13}",65.5,5245.285339768485,-24.21430939037421,-99.7381334979267,-90.90899942035837,5381.783337264913,2.8602420854304427,2.8362825460821686,4,53452.85339768485
97,GridTradingStrategyV2Aggressive,"{""allow_bear_breakout_sell"": 0, ""atr_mult"": 1.5501014130954358, ""breakout_slope_min"": 0.004805725151515134, ""breakout_window"": 16, ""buy_spacing_mult_bear"": 1.5185842302922006, ""center_lookback"": 22, ""cooldown_bars"": 2, ""fee_pct"": 0.0025, ""min_edge_pct"": 0.02959589140391636, ""min_step_pct"": 0.03392846852681651, ""min_strength"": 0.7070690792740736, ""no_sell_above_ema_fast_in_bull"": 1, ""num_grids"": 18, ""recenter_dwell_bars"": 16, ""recenter_threshold_pct"": 0.12, ""sell_spacing_mult_bull"": 1.3, ""side_when_bear"": 2, ""slippage_pct"": 0.01, ""strong_slope_min"": 0.006621307648704012, ""timeframe_minutes"": 60, ""tol_buy_hi"": 0.012734473568721672, ""tol_buy_lo"": 0.014187735319825187, ""tol_sell_hi"": 0.01222403907631157, ""tol_sell_lo"": 0.004040094480980347, ""trail_atr_mult"": 2.9677371281843277, ""trend_ema_fast"": 69, ""trend_ema_slow"": 179}",65.5,208.752641697615,-24.21430939037421,-99.7381334979267,-97.19662594215832,210.96648006550475,2.0693091087738003,1.1591394599421663,8,3087.52641697615
182,GridTradingStrategyV2Aggressive,"{""allow_bear_breakout_sell"": 1, ""atr_mult"": 1.092011514230868, ""breakout_slope_min"": 0.00025239653064124996, ""breakout_window"": 37, ""buy_spacing_mult_bear"": 1.2, ""center_lookback"": 16, ""cooldown_bars"": 3, ""fee_pct"": 0.0025, ""min_edge_pct"": 0.0234590387481817, ""min_step_pct"": 0.02, ""min_strength"": 0.55, ""no_sell_above_ema_fast_in_bull"": 0, ""num_grids"": 8, ""recenter_dwell_bars"": 15, ""recenter_threshold_pct"": 0.09505427756113938, ""sell_spacing_mult_bull"": 1.2174137162472, ""side_when_bear"": 0, ""slippage_pct"": 0.01, ""strong_slope_min"": 0.001, ""timeframe_minutes"": 60, ""tol_buy_hi"": 0.005, ""tol_buy_lo"": 0.01, ""tol_sell_hi"": 0.01694382969013581, ""tol_sell_lo"": 0.005, ""trail_atr_mult"": 3.4604934604910604, ""trend_ema_fast"": 28, ""trend_ema_slow"": 339}",65.5,1826.731693440417,-24.21430939037421,-99.7381334979267,-97.35756177964451,1863.196468881892,2.7881956141584165,1.8395846566717728,14,19267.31693440417
167,GridTradingStrategyV2Aggressive,"{""allow_bear_breakout_sell"": 0, ""atr_mult"": 1.0, ""breakout_slope_min"": 0.003604811330684191, ""breakout_window"": 14, ""buy_spacing_mult_bear"": 1.4619754582413198, ""center_lookback"": 35, ""cooldown_bars"": 2, ""fee_pct"": 0.0025, ""min_edge_pct"": 0.008814505010550977, ""min_step_pct"": 0.01773930139647076, ""min_strength"": 0.6575139847563678, ""no_sell_above_ema_fast_in_bull"": 0, ""num_grids"": 9, ""recenter_dwell_bars"": 8, ""recenter_threshold_pct"": 0.17548310637418985, ""sell_spacing_mult_bull"": 1.3, ""side_when_bear"": 1, ""slippage_pct"": 0.01, ""strong_slope_min"": 0.008593528713467434, ""timeframe_minutes"": 60, ""tol_buy_hi"": 0.0031216359153742605, ""tol_buy_lo"": 0.014238850157240312, ""tol_sell_hi"": 0.008400548146136323, ""tol_sell_lo"": 0.0026954895625080073, ""trail_atr_mult"": 1.7693359010854939, ""trend_ema_fast"": 50, ""trend_ema_slow"": 246}",65.5,141.8681677581231,-24.21430939037421,-99.7381334979267,-98.16277007869247,143.22579709257596,2.0277112877649293,1.3189269704851316,16,2418.681677581231
162,GridTradingStrategyV2Aggressive,"{""allow_bear_breakout_sell"": 1, ""atr_mult"": 1.226360019906384, ""breakout_slope_min"": 0.0005, ""breakout_window"": 57, ""buy_spacing_mult_bear"": 1.2, ""center_lookback"": 38, ""cooldown_bars"": 0, ""fee_pct"": 0.0025, ""min_edge_pct"": 0.02, ""min_step_pct"": 0.03966558429446908, ""min_strength"": 0.5739218608626455, ""no_sell_above_ema_fast_in_bull"": 0, ""num_grids"": 16, ""recenter_dwell_bars"": 6, ""recenter_threshold_pct"": 0.11081973834698175, ""sell_spacing_mult_bull"": 1.0339396699860364, ""side_when_bear"": 0, ""slippage_pct"": 0.01, ""strong_slope_min"": 0.0063868667649966005, ""timeframe_minutes"": 60, ""tol_buy_hi"": 0.0038459021894721524, ""tol_buy_lo"": 0.008576564525960501, ""tol_sell_hi"": 0.0062900016163703765, ""tol_sell_lo"": 0.011289826070717504, ""trail_atr_mult"": 1.857055789217784, ""trend_ema_fast"": 63, ""trend_ema_slow"": 200}",65.5,375.6161010222841,-24.21430939037421,-99.7381334979267,-97.28177959698655,380.3398797791933,2.254184898346378,1.3073956959669049,17,4756.161010222841
198,CSMARevertStrategy,"{""atr_mult"": 3.0611968298101964, ""atr_period"": 23, ""entry_drop"": 0.7284418147556697, ""exit_up"": 0.9690644108554709, ""n_sma"": 363, ""rsi_max"": 42.73843988220338, ""rsi_period"": 27, ""timeframe_minutes"": 5}",65.5,898.8461798690047,-24.21430939037421,-99.7381334979267,-76.39788197796251,913.5213714269614,2.6242412977630387,0.18940472285803026,2,9988.461798690047
196,CompositeMomentumIndexStrategy,"{""roc_period"": 12, ""rsi_period"": 14, ""signal_threshold"": 0.7, ""tsi_long"": 40, ""tsi_short"": 17}",65.5,1038.8872138723573,-24.21430939037421,-99.7381334979267,-94.97854643838045,1056.5812241371357,2.2253402623403553,1.576451954317225,26,11388.872138723573
147,GridTradingStrategyV2Aggressive,"{""allow_bear_breakout_sell"": 1, ""atr_mult"": 1.2400709502805394, ""breakout_slope_min"": 0.0005, ""breakout_window"": 39, ""buy_spacing_mult_bear"": 1.656404878370504, ""center_lookback"": 25, ""cooldown_bars"": 1, ""fee_pct"": 0.0025, ""min_edge_pct"": 0.02, ""min_step_pct"": 0.039250286068230826, ""min_strength"": 0.55, ""no_sell_above_ema_fast_in_bull"": 1, ""num_grids"": 10, ""recenter_dwell_bars"": 5, ""recenter_threshold_pct"": 0.13597150388169207, ""sell_spacing_mult_bull"": 1.174572952697635, ""side_when_bear"": 1, ""slippage_pct"": 0.01, ""strong_slope_min"": 0.009335426120385739, ""timeframe_minutes"": 60, ""tol_buy_hi"": 0.01670624120680023, ""tol_buy_lo"": 0.01, ""tol_sell_hi"": 0.01709869150598803, ""tol_sell_lo"": 0.005, ""trail_atr_mult"": 2.0, ""trend_ema_fast"": 63, ""trend_ema_slow"": 267}",65.5,554.7097589491239,-24.21430939037421,-99.7381334979267,-97.19662594215832,562.5528152955533,2.387248509624636,1.3891003858305992,12,6547.097589491239
186,CompositeMomentumIndexStrategy,"{""roc_period"": 7, ""rsi_period"": 13, ""signal_threshold"": 0.2582353691872431, ""tsi_long"": 36, ""tsi_short"": 13}",65.5,2214.1352773565773,-24.21430939037421,-99.7381334979267,-90.90899942035837,2260.6713153528926,2.5598235609672435,1.7309411229792777,26,23141.352773565774
181,CompositeMomentumIndexStrategy,"{""roc_period"": 8, ""rsi_period"": 18, ""signal_threshold"": 0.2008737850386256, ""tsi_long"": 25, ""tsi_short"": 19}",65.5,7784.738171131949,-24.21430939037421,-99.7381334979267,-90.90899942035837,8006.028360530748,3.0635304864717114,2.5220527760315763,17,78847.38171131948
178,CSMARevertStrategy,"{""atr_mult"": 2.1006282265882152, ""atr_period"": 48, ""entry_drop"": 0.1940774050987939, ""exit_up"": 0.8317817954438641, ""n_sma"": 422, ""rsi_max"": 37.032110523775074, ""rsi_period"": 31, ""timeframe_minutes"": 5}",65.5,1425.6262543189227,-24.21430939037421,-99.7381334979267,-92.72867975870692,1452.2019593980533,2.60961048759466,0.6846287348984808,25,15256.262543189227
175,Strategy_62_RSIAvgs,"{""ma_periods"": [5, 10, 20], ""overbought"": 70, ""oversold"": 19, ""rsi_period"": 14, ""signal_threshold"": 0.9134749170690486}",65.5,1534.4809488272822,-24.21430939037421,-99.7381334979267,-71.89526414583669,1563.6793568742967,3.1333889290532584,0.6699120959946143,11,16344.809488272824
171,CompositeMomentumIndexStrategy,"{""roc_period"": 11, ""rsi_period"": 15, ""signal_threshold"": 0.3427000955703762, ""tsi_long"": 38, ""tsi_short"": 13}",65.5,992.1403599763964,-24.21430939037421,-99.7381334979267,-92.99900804875107,1008.8135406939981,2.212489559078685,1.5132701197031302,23,10921.403599763964
122,GridTradingStrategyV2Aggressive,"{""allow_bear_breakout_sell"": 0, ""atr_mult"": 1.0, ""breakout_slope_min"": 0.0005097164315849446, ""breakout_window"": 20, ""buy_spacing_mult_bear"": 1.0589288548117715, ""center_lookback"": 35, ""cooldown_bars"": 1, ""fee_pct"": 0.0025, ""min_edge_pct"": 0.021522078416022057, ""min_step_pct"": 0.02, ""min_strength"": 0.5357968575245542, ""no_sell_above_ema_fast_in_bull"": 1, ""num_grids"": 20, ""recenter_dwell_bars"": 6, ""recenter_threshold_pct"": 0.16649399682344496, ""sell_spacing_mult_bull"": 1.5209566585519139, ""side_when_bear"": 2, ""slippage_pct"": 0.01, ""strong_slope_min"": 0.001, ""timeframe_minutes"": 60, ""tol_buy_hi"": 0.014860288875342992, ""tol_buy_lo"": 0.012664612606388034, ""tol_sell_hi"": 0.014693102438759147, ""tol_sell_lo"": 0.004907865274659415, ""trail_atr_mult"": 2.4723521271461895, ""trend_ema_fast"": 50, ""trend_ema_slow"": 200}",65.5,219.28206109067716,-24.21430939037421,-99.7381334979267,-99.44649408716147,221.6397470568312,2.1523173702585927,1.803365213447213,7,3192.8206109067714
117,GridTradingStrategyV2Aggressive,"{""allow_bear_breakout_sell"": 0, ""atr_mult"": 1.5213268899537966, ""breakout_slope_min"": 0.0024157092402275746, ""breakout_window"": 39, ""buy_spacing_mult_bear"": 1.2, ""center_lookback"": 22, ""cooldown_bars"": 2, ""fee_pct"": 0.0025, ""min_edge_pct"": 0.02007698491348903, ""min_step_pct"": 0.029613895800806925, ""min_strength"": 0.5699125446012598, ""no_sell_above_ema_fast_in_bull"": 1, ""num_grids"": 8, ""recenter_dwell_bars"": 13, ""recenter_threshold_pct"": 0.24904583119285467, ""sell_spacing_mult_bull"": 1.251548607545629, ""side_when_bear"": 0, ""slippage_pct"": 0.01, ""strong_slope_min"": 0.002509337128522099, ""timeframe_minutes"": 60, ""tol_buy_hi"": 0.011010457360547319, ""tol_buy_lo"": 0.01, ""tol_sell_hi"": 0.01, ""tol_sell_lo"": 0.018514526140273636, ""trail_atr_mult"": 2.7961310043284415, ""trend_ema_fast"": 65, ""trend_ema_slow"": 235}",65.5,150.66910704907065,-24.21430939037421,-99.7381334979267,-97.29534828537125,152.1332404856504,2.0134943173661126,1.174754630753599,21,2506.691070490707
163,CSMARevertStrategy,"{""atr_mult"": 1.8, ""atr_period"": 13, ""entry_drop"": 0.3598781560678763, ""exit_up"": 0.048, ""n_sma"": 916, ""rsi_max"": 45.86638556194149, ""rsi_period"": 6, ""timeframe_minutes"": 5}",65.5,316.27000814650177,-24.21430939037421,-99.7381334979267,-92.18318994521731,320.04942648326914,2.0026534162893372,0.40052303115221677,7,4162.700081465018
112,GridTradingStrategyV2Aggressive,"{""allow_bear_breakout_sell"": 1, ""atr_mult"": 1.0360713584514225, ""breakout_slope_min"": 0.0004252694109016453, ""breakout_window"": 20, ""buy_spacing_mult_bear"": 1.3810874698381466, ""center_lookback"": 11, ""cooldown_bars"": 5, ""fee_pct"": 0.0025, ""min_edge_pct"": 0.012472181882215418, ""min_step_pct"": 0.028968395894105048, ""min_strength"": 0.55, ""no_sell_above_ema_fast_in_bull"": 0, ""num_grids"": 10, ""recenter_dwell_bars"": 10, ""recenter_threshold_pct"": 0.204472746013117, ""sell_spacing_mult_bull"": 1.3, ""side_when_bear"": 0, ""slippage_pct"": 0.01, ""strong_slope_min"": 0.006958172041128358, ""timeframe_minutes"": 60, ""tol_buy_hi"": 0.01945424807480283, ""tol_buy_lo"": 0.01902423596876756, ""tol_sell_hi"": 0.01139446975270465, ""tol_sell_lo"": 0.004540589609738954, ""trail_atr_mult"": 2.0, ""trend_ema_fast"": 52, ""trend_ema_slow"": 363}",65.5,171.46881419431844,-24.21430939037421,-99.7381334979267,-97.31337920528522,173.19241378453492,2.042546484365836,1.184626498180294,19,2714.6881419431847
161,CompositeMomentumIndexStrategy,"{""roc_period"": 7, ""rsi_period"": 25, ""signal_threshold"": 0.5527136641768748, ""tsi_long"": 25, ""tsi_short"": 18}",65.5,33727.79097666042,-24.21430939037421,-99.7381334979267,-90.90899942035837,34999.65499995257,3.6194103955735137,3.5121376326871414,9,338277.90976660425
160,Strategy_62_RSIAvgs,"{""ma_periods"": [5, 10, 20], ""overbought"": 63, ""oversold"": 30, ""rsi_period"": 29, ""signal_threshold"": 0.6}",65.5,2540.2353908442738,-24.21430939037421,-99.7381334979267,-58.2387436161192,2595.5802980904523,3.264105494384966,1.2467817576652538,31,26402.35390844274
158,CSMARevertStrategy,"{""atr_mult"": 2.480366095394083, ""atr_period"": 21, ""entry_drop"": 0.25, ""exit_up"": 0.8633963763127849, ""n_sma"": 414, ""rsi_max"": 32.0, ""rsi_period"": 5, ""timeframe_minutes"": 5}",65.5,2203.614726229477,-24.21430939037421,-99.7381334979267,-92.19627320489859,2249.8713428118926,2.8278534828223703,0.5714040455120175,15,23036.147262294773
107,GridTradingStrategyV2Aggressive,"{""allow_bear_breakout_sell"": 0, ""atr_mult"": 0.9177074058720338, ""breakout_slope_min"": 0.0005, ""breakout_window"": 20, ""buy_spacing_mult_bear"": 1.2183156561977753, ""center_lookback"": 36, ""cooldown_bars"": 0, ""fee_pct"": 0.0025, ""min_edge_pct"": 0.015100143799211058, ""min_step_pct"": 0.02, ""min_strength"": 0.5709717406368431, ""no_sell_above_ema_fast_in_bull"": 0, ""num_grids"": 10, ""recenter_dwell_bars"": 6, ""recenter_threshold_pct"": 0.20998138376581943, ""sell_spacing_mult_bull"": 1.420854320168784, ""side_when_bear"": 1, ""slippage_pct"": 0.01, ""strong_slope_min"": 0.001, ""timeframe_minutes"": 60, ""tol_buy_hi"": 0.003916436492821218, ""tol_buy_lo"": 0.016687797053594824, ""tol_sell_hi"": 0.01269348932975043, ""tol_sell_lo"": 0.00444471537561862, ""trail_atr_mult"": 2.3907785868255944, ""trend_ema_fast"": 77, ""trend_ema_slow"": 372}",65.5,142.64243873376842,-24.21430939037421,-99.7381334979267,-98.15006889976279,144.00935653185184,2.028599959979291,1.304875283327214,16,2426.424387337684
153,CSMARevertStrategy,"{""atr_mult"": 1.1145225058189792, ""atr_period"": 6, ""entry_drop"": 0.47470195565536233, ""exit_up"": 0.5263805104458865, ""n_sma"": 576, ""rsi_max"": 40.444197615337636, ""rsi_period"": 14, ""timeframe_minutes"": 5}",65.5,3318.139283577441,-24.21430939037421,-99.7381334979267,-92.18318994521731,3395.5064698236797,3.098466775799789,0.4783973324834242,8,34181.39283577441
145,Strategy_62_RSIAvgs,"{""ma_periods"": [5, 10, 20], ""overbought"": 83, ""oversold"": 30, ""rsi_period"": 14, ""signal_threshold"": 0.422874269851226}",65.5,537.1878527803138,-24.21430939037421,-99.7381334979267,-98.35402231837614,544.71015846296,2.062214749778243,2.323421198874212,15,6371.878527803138
102,GridTradingStrategyV2Aggressive,"{""allow_bear_breakout_sell"": 0, ""atr_mult"": 1.0, ""breakout_slope_min"": 0.0005, ""breakout_window"": 20, ""buy_spacing_mult_bear"": 1.612412295728948, ""center_lookback"": 20, ""cooldown_bars"": 4, ""fee_pct"": 0.0025, ""min_edge_pct"": 0.02647744915835773, ""min_step_pct"": 0.027096408709490365, ""min_strength"": 0.5821820697379463, ""no_sell_above_ema_fast_in_bull"": 1, ""num_grids"": 6, ""recenter_dwell_bars"": 7, ""recenter_threshold_pct"": 0.19213989907167028, ""sell_spacing_mult_bull"": 1.7620402801563513, ""side_when_bear"": 1, ""slippage_pct"": 0.01, ""strong_slope_min"": 0.0034035869134486285, ""timeframe_minutes"": 60, ""tol_buy_hi"": 0.005032555777243521, ""tol_buy_lo"": 0.010332627461993609, ""tol_sell_hi"": 0.01, ""tol_sell_lo"": 0.005, ""trail_atr_mult"": 1.686157012770345, ""trend_ema_fast"": 55, ""trend_ema_slow"": 208}",65.5,136.54369670955398,-24.21430939037421,-99.7381334979267,-97.91017280261521,137.83788480307925,2.0115899681984444,1.2970668732902235,15,2365.43696709554
143,CSMARevertStrategy,"{""atr_mult"": 0.6997437945082501, ""atr_period"": 9, ""entry_drop"": 0.261256348254432, ""exit_up"": 0.7533090646239067, ""n_sma"": 733, ""rsi_max"": 28.679544305040185, ""rsi_period"": 18, ""timeframe_minutes"": 5}",65.5,559.8835620471186,-24.21430939037421,-99.7381334979267,-92.18318994521731,567.8219108943844,2.2198538604665576,0.46208967299141446,11,6598.835620471185
138,CSMARevertStrategy,"{""atr_mult"": 1.8, ""atr_period"": 46, ""entry_drop"": 0.5204028928542586, ""exit_up"": 0.15570457689788963, ""n_sma"": 385, ""rsi_max"": 32.33005785063142, ""rsi_period"": 50, ""timeframe_minutes"": 5}",65.5,981.2072523530153,-24.21430939037421,-99.7381334979267,-92.18318994521731,997.6435320122669,2.5655774436625216,0.2524342953521782,5,10812.072523530152
135,Strategy_62_RSIAvgs,"{""ma_periods"": [5, 10, 20], ""overbought"": 35, ""oversold"": 28, ""rsi_period"": 45, ""signal_threshold"": 0.40061291670384713}",65.5,310.8979184364177,-24.21430939037421,-99.7381334979267,-45.03359943123532,314.5944316916457,2.152673638029702,0.3125812974549713,5,4108.979184364177
68,CSMARevertStrategy,"{""atr_mult"": 1.8, ""atr_period"": 48, ""entry_drop"": 0.7570694265230894, ""exit_up"": 0.1248533104460483, ""n_sma"": 721, ""rsi_max"": 32.0, ""rsi_period"": 49, ""timeframe_minutes"": 5}",65.5,773.5868517186996,-24.21430939037421,-99.7381334979267,-75.06802131669262,785.6693041759422,2.3170232494915375,0.2759322590900952,2,8735.868517186995
67,GridTradingStrategyV2Aggressive,"{""allow_bear_breakout_sell"": 0, ""atr_mult"": 1.0, ""breakout_slope_min"": 0.00021806412608912424, ""breakout_window"": 61, ""buy_spacing_mult_bear"": 1.2, ""center_lookback"": 26, ""cooldown_bars"": 2, ""fee_pct"": 0.0025, ""min_edge_pct"": 0.02083759390778135, ""min_step_pct"": 0.036869690096490465, ""min_strength"": 0.55, ""no_sell_above_ema_fast_in_bull"": 1, ""num_grids"": 12, ""recenter_dwell_bars"": 11, ""recenter_threshold_pct"": 0.21108815172463302, ""sell_spacing_mult_bull"": 1.3, ""side_when_bear"": 1, ""slippage_pct"": 0.01, ""strong_slope_min"": 0.00749418569447477, ""timeframe_minutes"": 60, ""tol_buy_hi"": 0.014162615967473065, ""tol_buy_lo"": 0.01038224212608873, ""tol_sell_hi"": 0.006438749059413326, ""tol_sell_lo"": 0.011212023441673304, ""trail_atr_mult"": 2.7994228926409845, ""trend_ema_fast"": 62, ""trend_ema_slow"": 236}",65.5,608.7035873488257,-24.21430939037421,-99.7381334979267,-97.34137497392489,617.55373561036,2.416892455234139,1.4289812513101576,16,7087.0358734882575
33,CSMARevertStrategy,"{""atr_mult"": 2.4369827842374447, ""atr_period"": 48, ""entry_drop"": 0.9409751084695381, ""exit_up"": 0.5192137707943416, ""n_sma"": 623, ""rsi_max"": 31.21468815722146, ""rsi_period"": 14, ""timeframe_minutes"": 5}",65.5,636.5967700285959,-24.21430939037421,-99.7381334979267,-71.70570864298075,645.97772176525,2.5289191765756294,0.3101038091757599,1,7365.967700285959
28,CSMARevertStrategy,"{""atr_mult"": 3.2369566844238316, ""atr_period"": 19, ""entry_drop"": 0.25, ""exit_up"": 0.40382153475372384, ""n_sma"": 576, ""rsi_max"": 29.47072527470775, ""rsi_period"": 14, ""timeframe_minutes"": 5}",65.5,1347.8687828932143,-24.21430939037421,-99.7381334979267,-92.18318994521731,1372.6016990817961,2.598561738463544,0.5096987267466219,13,14478.687828932143
7,GridTradingStrategyV2Aggressive,"{""allow_bear_breakout_sell"": 0, ""atr_mult"": 1.0, ""breakout_slope_min"": 0.0033423222194698993, ""breakout_window"": 20, ""buy_spacing_mult_bear"": 1.747389848752193, ""center_lookback"": 28, ""cooldown_bars"": 2, ""fee_pct"": 0.0025, ""min_edge_pct"": 0.02, ""min_step_pct"": 0.032844286374444795, ""min_strength"": 0.7886382091223378, ""no_sell_above_ema_fast_in_bull"": 0, ""num_grids"": 17, ""recenter_dwell_bars"": 6, ""recenter_threshold_pct"": 0.12, ""sell_spacing_mult_bull"": 1.3, ""side_when_bear"": 1, ""slippage_pct"": 0.01, ""strong_slope_min"": 0.009997259156747557, ""timeframe_minutes"": 60, ""tol_buy_hi"": 0.0045913911826551464, ""tol_buy_lo"": 0.01858544139974175, ""tol_sell_hi"": 0.019341829822151463, ""tol_sell_lo"": 0.005, ""trail_atr_mult"": 2.9663537465260434, ""trend_ema_fast"": 29, ""trend_ema_slow"": 200}",65.5,412.91593855630583,-24.21430939037421,-99.7381334979267,-97.19662594215832,418.25809575696996,2.2758717531637607,1.3004674311846411,10,5129.159385563058
49,DonchianChampionAggressiveStrategy,"{""ema_exit_days"": 4.3794200733104365, ""entry_days"": 16.363851942261686, ""exit_days"": 2.0, ""timeframe_minutes"": 5, ""trailing_drawdown_pct"": 0.2}",65.5,1067.4900038388132,-24.21430939037421,-99.7381334979267,-47.41594354463845,1085.8147864254784,3.3105027509392446,1.5691760028841941,10,11674.90003838813
48,CSMARevertStrategy,"{""atr_mult"": 1.4566799900913372, ""atr_period"": 11, ""entry_drop"": 0.4749959354622849, ""exit_up"": 0.439388715697114, ""n_sma"": 576, ""rsi_max"": 31.42574954395875, ""rsi_period"": 23, ""timeframe_minutes"": 5}",65.5,3441.6925723617223,-24.21430939037421,-99.7381334979267,-92.18318994521731,3522.671431942332,3.1172989463331096,0.4813275831187758,8,35416.92572361723
46,CompositeMomentumIndexStrategy,"{""roc_period"": 11, ""rsi_period"": 15, ""signal_threshold"": 0.4578565534181998, ""tsi_long"": 34, ""tsi_short"": 19}",65.5,856.761141463019,-24.21430939037421,-99.7381334979267,-92.99845221752727,870.5532013869193,2.1496163960398693,1.481579783632982,22,9567.611414630192
39,DonchianChampionAggressiveStrategy,"{""ema_exit_days"": 3.4044968570043945, ""entry_days"": 11.0, ""exit_days"": 1.1689658233899034, ""timeframe_minutes"": 5, ""trailing_drawdown_pct"": 0.2}",65.5,520.6838005594,-24.21430939037421,-99.7381334979267,-53.371444578702764,527.9068304794127,2.478905791818001,1.2346768452269323,19,6206.838005594001
34,DonchianChampionAggressiveStrategy,"{""ema_exit_days"": 4.208616774139152, ""entry_days"": 11.09866619322079, ""exit_days"": 1.6281591445186543, ""timeframe_minutes"": 5, ""trailing_drawdown_pct"": 0.2}",65.5,745.6101931140589,-24.21430939037421,-99.7381334979267,-52.5731382488541,757.1288786435313,2.769241823495456,1.4349958442530195,16,8456.101931140589
31,CompositeMomentumIndexStrategy,"{""roc_period"": 10, ""rsi_period"": 19, ""signal_threshold"": 0.18532614098926173, ""tsi_long"": 25, ""tsi_short"": 5}",65.5,1909.839307817331,-24.21430939037421,-99.7381334979267,-92.99923726364817,1948.4250993793023,2.489062845904427,1.8613352810448585,24,20098.39307817331
25,Strategy_62_RSIAvgs,"{""ma_periods"": [5, 10, 20], ""overbought"": 86, ""oversold"": 30, ""rsi_period"": 14, ""signal_threshold"": 0.292865323715376}",65.5,1341.7900047652809,-24.21430939037421,-99.7381334979267,-97.96946906271057,1366.3799821975954,2.373277136674221,2.744897832700281,8,14417.900047652809
54,DonchianChampionAggressiveStrategy,"{""ema_exit_days"": 4.451923759625866, ""entry_days"": 16.280654056536875, ""exit_days"": 1.5798310376991258, ""timeframe_minutes"": 5, ""trailing_drawdown_pct"": 0.2}",65.5,868.7659270042076,-24.21430939037421,-99.7381334979267,-47.41594354463845,882.8087022694906,3.1120167473912925,1.452550004777917,11,9687.659270042075
26,CompositeMomentumIndexStrategy,"{""roc_period"": 16, ""rsi_period"": 23, ""signal_threshold"": 0.7, ""tsi_long"": 28, ""tsi_short"": 17}",65.5,1067.0932521975703,-24.21430939037421,-99.7381334979267,-90.90899942035837,1085.4092539854453,2.293928675640402,0.9996973926806075,15,11670.932521975705
14,DonchianChampionAggressiveStrategy,"{""ema_exit_days"": 2.8523533641499843, ""entry_days"": 6.293394758403288, ""exit_days"": 2.5490646265374908, ""timeframe_minutes"": 5, ""trailing_drawdown_pct"": 0.2}",65.5,772.2396505530515,-24.21430939037421,-99.7381334979267,-62.93614275285599,784.2948208473833,2.5542043487437076,1.5172458071483108,22,8722.396505530514
13,CSMARevertStrategy,"{""atr_mult"": 0.6068251722580138, ""atr_period"": 12, ""entry_drop"": 0.557117589166481, ""exit_up"": 0.6602355139975814, ""n_sma"": 493, ""rsi_max"": 45.97055197051873, ""rsi_period"": 10, ""timeframe_minutes"": 5}",65.5,420.3647204255453,-24.21430939037421,-99.7381334979267,-92.18318994521731,425.83250370539974,2.126725646944125,0.2761978079085446,4,5203.647204255452
16,CompositeMomentumIndexStrategy,"{""roc_period"": 8, ""rsi_period"": 22, ""signal_threshold"": 0.4237868755623891, ""tsi_long"": 23, ""tsi_short"": 20}",65.5,3999.187795180376,-24.21430939037421,-99.7381334979267,-90.90899942035837,4096.79975271695,2.8581567001530783,1.815554238802807,13,40991.877951803755
9,DonchianChampionAggressiveStrategy,"{""ema_exit_days"": 4.0795243069803195, ""entry_days"": 10.771390298634282, ""exit_days"": 2.0, ""timeframe_minutes"": 5, ""trailing_drawdown_pct"": 0.2}",65.5,782.9149823882892,-24.21430939037421,-99.7381334979267,-56.709960318504436,795.1867061795987,2.783179452100532,1.4529141522019096,15,8829.149823882892
8,CSMARevertStrategy,"{""atr_mult"": 3.8066839133862724, ""atr_period"": 11, ""entry_drop"": 0.425112376568044, ""exit_up"": 0.048, ""n_sma"": 523, ""rsi_max"": 44.18512638112773, ""rsi_period"": 44, ""timeframe_minutes"": 5}",65.5,1460.2594492406633,-24.21430939037421,-99.7381334979267,-92.18318994521731,1487.6642907488274,2.682052874520482,0.4075196365821764,8,15602.594492406633
11,CompositeMomentumIndexStrategy,"{""roc_period"": 6, ""rsi_period"": 29, ""signal_threshold"": 0.15657481928484276, ""tsi_long"": 19, ""tsi_short"": 18}",65.5,5227.328821676088,-24.21430939037421,-99.7381334979267,-90.90899942035837,5363.251771377238,2.858969086893227,2.835012325502959,4,53273.288216760884
53,CSMARevertStrategy,"{""atr_mult"": 1.8, ""atr_period"": 48, ""entry_drop"": 0.4513726443717635, ""exit_up"": 0.9461885424337783, ""n_sma"": 591, ""rsi_max"": 30.781438897011032, ""rsi_period"": 31, ""timeframe_minutes"": 5}",65.5,972.7205400654912,-24.21430939037421,-99.7381334979267,-92.18318994521731,988.9734208199343,2.4796174423200705,0.39917286532039836,7,10727.205400654912
197,GridTradingStrategyV2Aggressive,"{""allow_bear_breakout_sell"": 1, ""atr_mult"": 1.0, ""breakout_slope_min"": 0.0004380706873271617, ""breakout_window"": 14, ""buy_spacing_mult_bear"": 1.495515334135447, ""center_lookback"": 33, ""cooldown_bars"": 6, ""fee_pct"": 0.0025, ""min_edge_pct"": 0.02420515377182242, ""min_step_pct"": 0.029403267724649868, ""min_strength"": 0.7086126821338596, ""no_sell_above_ema_fast_in_bull"": 1, ""num_grids"": 7, ""recenter_dwell_bars"": 13, ""recenter_threshold_pct"": 0.16325339430442598, ""sell_spacing_mult_bull"": 1.23935103577679, ""side_when_bear"": 1, ""slippage_pct"": 0.01, ""strong_slope_min"": 0.007587895302225341, ""timeframe_minutes"": 60, ""tol_buy_hi"": 0.016588877917930088, ""tol_buy_lo"": 0.015305831420422314, ""tol_sell_hi"": 0.01041968123288469, ""tol_sell_lo"": 0.01426170954495497, ""trail_atr_mult"": 2.0425661581922245, ""trend_ema_fast"": 58, ""trend_ema_slow"": 336}",65.5,161.9766597312481,-24.21430939037421,-99.7381334979267,-97.9209590223076,163.58053150389296,2.0449417378730104,1.2489464101249899,14,2619.7665973124813
63,CSMARevertStrategy,"{""atr_mult"": 1.8, ""atr_period"": 11, ""entry_drop"": 0.22301855893673106, ""exit_up"": 0.3337515778813466, ""n_sma"": 645, ""rsi_max"": 38.26947654569353, ""rsi_period"": 21, ""timeframe_minutes"": 5}",65.5,438.00124281568645,-24.21430939037421,-99.7381334979267,-92.18318994521731,443.769193927389,2.1237589902984078,0.500452908348561,14,5380.012428156864
32,GridTradingStrategyV2Aggressive,"{""allow_bear_breakout_sell"": 1, ""atr_mult"": 0.8666419682309967, ""breakout_slope_min"": 0.0011017305064632468, ""breakout_window"": 12, ""buy_spacing_mult_bear"": 1.4372494204019608, ""center_lookback"": 20, ""cooldown_bars"": 4, ""fee_pct"": 0.0025, ""min_edge_pct"": 0.017908160715746753, ""min_step_pct"": 0.03202163735983979, ""min_strength"": 0.55, ""no_sell_above_ema_fast_in_bull"": 0, ""num_grids"": 10, ""recenter_dwell_bars"": 7, ""recenter_threshold_pct"": 0.12, ""sell_spacing_mult_bull"": 1.3, ""side_when_bear"": 1, ""slippage_pct"": 0.01, ""strong_slope_min"": 0.001, ""timeframe_minutes"": 60, ""tol_buy_hi"": 0.002230752903616934, ""tol_buy_lo"": 0.006395344463408215, ""tol_sell_hi"": 0.006755689491311244, ""tol_sell_lo"": 0.01906825607394034, ""trail_atr_mult"": 2.3426433323520044, ""trend_ema_fast"": 52, ""trend_ema_slow"": 206}",65.5,265.3817494976532,-24.21430939037421,-99.7381334979267,-97.19662594215832,268.39459119662644,2.1621723839453137,1.2725613150064201,15,3653.8174949765316
59,DonchianChampionAggressiveStrategy,"{""ema_exit_days"": 4.403184460879214, ""entry_days"": 9.981367652961778, ""exit_days"": 1.4613044740747736, ""timeframe_minutes"": 5, ""trailing_drawdown_pct"": 0.2}",65.5,615.0972770751658,-24.21430939037421,-99.7381334979267,-57.602044555874166,624.068479986157,2.558393225973274,1.3391366438580703,18,7150.972770751659
22,GridTradingStrategyV2Aggressive,"{""allow_bear_breakout_sell"": 0, ""atr_mult"": 1.1581573969368995, ""breakout_slope_min"": 0.00034751103204421537, ""breakout_window"": 79, ""buy_spacing_mult_bear"": 1.2, ""center_lookback"": 39, ""cooldown_bars"": 0, ""fee_pct"": 0.0025, ""min_edge_pct"": 0.02711746198097592, ""min_step_pct"": 0.0391142152701312, ""min_strength"": 0.55, ""no_sell_above_ema_fast_in_bull"": 1, ""num_grids"": 10, ""recenter_dwell_bars"": 10, ""recenter_threshold_pct"": 0.18671131543985311, ""sell_spacing_mult_bull"": 1.3, ""side_when_bear"": 1, ""slippage_pct"": 0.01, ""strong_slope_min"": 0.001, ""timeframe_minutes"": 60, ""tol_buy_hi"": 0.005, ""tol_buy_lo"": 0.011122454239423592, ""tol_sell_hi"": 0.01220539784073598, ""tol_sell_lo"": 0.008734422583274372, ""trail_atr_mult"": 1.8941753820126286, ""trend_ema_fast"": 52, ""trend_ema_slow"": 218}",65.5,402.9485502077613,-24.21430939037421,-99.7381334979267,-97.281789107295,408.1236965375802,2.2873270093472926,1.3567433308497376,15,5029.485502077612
170,Strategy_62_RSIAvgs,"{""ma_periods"": [5, 10, 20], ""overbought"": 36, ""oversold"": 30, ""rsi_period"": 18, ""signal_threshold"": 0.7183067225614632}",62.0,162.1090208278755,-24.21430939037421,-99.7381334979267,-74.45507328327909,163.7145471259677,1.4051636151124525,0.5414381857330125,112,2621.0902082787547
125,Strategy_62_RSIAvgs,"{""ma_periods"": [5, 10, 20], ""overbought"": 69, ""oversold"": 35, ""rsi_period"": 18, ""signal_threshold"": 0.7351942287692098}",62.0,14.258218300272762,-24.21430939037421,-99.7381334979267,-98.05595804855163,14.354776078208875,1.1895793072260983,1.1027455237587434,113,1142.5821830027276
174,DonchianChampionAggressiveStrategy,"{""ema_exit_days"": 2.192073484820499, ""entry_days"": 15.745478203870755, ""exit_days"": 2.0, ""timeframe_minutes"": 5, ""trailing_drawdown_pct"": 0.9633156305211964}",61.5,257.68734070353725,-24.21430939037421,-99.7381334979267,-88.39632684214853,260.58809574666174,1.9375704533787632,0.725352221616642,10,3576.8734070353726
132,GridTradingStrategyV2Aggressive,"{""allow_bear_breakout_sell"": 0, ""atr_mult"": 0.672461479988424, ""breakout_slope_min"": 0.0005, ""breakout_window"": 66, ""buy_spacing_mult_bear"": 1.7072787278836268, ""center_lookback"": 25, ""cooldown_bars"": 5, ""fee_pct"": 0.0025, ""min_edge_pct"": 0.02215696083818871, ""min_step_pct"": 0.029270174643016532, ""min_strength"": 0.7127425090732538, ""no_sell_above_ema_fast_in_bull"": 0, ""num_grids"": 16, ""recenter_dwell_bars"": 6, ""recenter_threshold_pct"": 0.24111383614161702, ""sell_spacing_mult_bull"": 1.3, ""side_when_bear"": 2, ""slippage_pct"": 0.01, ""strong_slope_min"": 0.006282155343029927, ""timeframe_minutes"": 60, ""tol_buy_hi"": 0.005, ""tol_buy_lo"": 0.005818530774828678, ""tol_sell_hi"": 0.018077059314993375, ""tol_sell_lo"": 0.011312664062797342, ""trail_atr_mult"": 2.0, ""trend_ema_fast"": 80, ""trend_ema_slow"": 200}",61.5,136.6851273625581,-24.21430939037421,-99.7381334979267,-97.19662594215832,137.98099074588254,1.9619177792526032,1.1014610760716346,8,2366.8512736255807
35,Strategy_62_RSIAvgs,"{""ma_periods"": [5, 10, 20], ""overbought"": 66, ""oversold"": 35, ""rsi_period"": 44, ""signal_threshold"": 0.9723434805478844}",61.5,555.2147472809587,-24.21430939037421,-99.7381334979267,-89.240208928047,563.0670930510058,1.9720323460428528,1.4133710269705242,25,6552.147472809586
173,CSMARevertStrategy,"{""atr_mult"": 1.8682707602199273, ""atr_period"": 36, ""entry_drop"": 0.9168151303515948, ""exit_up"": 0.048, ""n_sma"": 312, ""rsi_max"": 16.618079668847823, ""rsi_period"": 12, ""timeframe_minutes"": 5}",61.5,183.74409832030477,-24.21430939037421,-99.7381334979267,-73.56834732914186,185.62567906720324,1.5490200338602387,0.08601925475862102,1,2837.440983203048
148,CSMARevertStrategy,"{""atr_mult"": 1.1886428871401598, ""atr_period"": 25, ""entry_drop"": 0.4763647358916475, ""exit_up"": 0.8740524516318376, ""n_sma"": 805, ""rsi_max"": 19.610759851192718, ""rsi_period"": 11, ""timeframe_minutes"": 5}",61.5,171.45509874723817,-24.21430939037421,-99.7381334979267,-95.15215044101176,173.1785237848921,1.792536143140516,0.3343265335732088,5,2714.5509874723816
64,DonchianChampionAggressiveStrategy,"{""ema_exit_days"": 3.0, ""entry_days"": 14.65994931864002, ""exit_days"": 2.0, ""timeframe_minutes"": 5, ""trailing_drawdown_pct"": 0.46489039467309146}",61.5,112.48148594301179,-24.21430939037421,-99.7381334979267,-90.80260590587021,113.49882254348542,1.502287776122507,0.5986055648380154,12,2124.814859430118
137,GridTradingStrategyV2Aggressive,"{""allow_bear_breakout_sell"": 0, ""atr_mult"": 0.8593645306327399, ""breakout_slope_min"": 0.003357344179507674, ""breakout_window"": 18, ""buy_spacing_mult_bear"": 1.3693451429285453, ""center_lookback"": 29, ""cooldown_bars"": 2, ""fee_pct"": 0.0025, ""min_edge_pct"": 0.027674355136228797, ""min_step_pct"": 0.02, ""min_strength"": 0.55, ""no_sell_above_ema_fast_in_bull"": 1, ""num_grids"": 19, ""recenter_dwell_bars"": 6, ""recenter_threshold_pct"": 0.21074941718031553, ""sell_spacing_mult_bull"": 1.7736350971176966, ""side_when_bear"": 2, ""slippage_pct"": 0.01, ""strong_slope_min"": 0.001, ""timeframe_minutes"": 60, ""tol_buy_hi"": 0.018440410877357788, ""tol_buy_lo"": 0.01, ""tol_sell_hi"": 0.01, ""tol_sell_lo"": 0.007958566314066239, ""trail_atr_mult"": 2.7559192446889424, ""trend_ema_fast"": 50, ""trend_ema_slow"": 209}",61.5,96.89226988699062,-24.21430939037421,-99.7381334979267,-97.27981575066819,97.73945494426219,1.8911945165560442,0.9948933751481663,3,1968.9226988699063
179,DonchianChampionAggressiveStrategy,"{""ema_exit_days"": 3.3981155818964064, ""entry_days"": 11.92607718923173, ""exit_days"": 1.8718535986287104, ""timeframe_minutes"": 5, ""trailing_drawdown_pct"": 0.9446031583308151}",61.5,246.9363107911403,-24.21430939037421,-99.7381334979267,-87.15947935372147,249.68224003087295,1.8735496699323342,0.8214257582746297,14,3469.363107911403
180,Strategy_62_RSIAvgs,"{""ma_periods"": [5, 10, 20], ""overbought"": 132, ""oversold"": 20, ""rsi_period"": 46, ""signal_threshold"": 0.6925886301285838}",61.5,26.818419318704745,-24.21430939037421,-99.7381334979267,-98.29211748032496,27.0095131471233,1.853716650768107,1.4329388814102757,1,1268.1841931870474
128,CSMARevertStrategy,"{""atr_mult"": 2.244349516622319, ""atr_period"": 9, ""entry_drop"": 0.5127422103539808, ""exit_up"": 0.6778953846075386, ""n_sma"": 906, ""rsi_max"": 28.37976916598394, ""rsi_period"": 42, ""timeframe_minutes"": 5}",61.5,304.44136523529954,-24.21430939037421,-99.7381334979267,-93.37737320998605,308.0388359355098,1.9870627972644557,0.3726557684644969,5,4044.4136523529955
142,GridTradingStrategyV2Aggressive,"{""allow_bear_breakout_sell"": 0, ""atr_mult"": 1.562934281674427, ""breakout_slope_min"": 0.0022694474672447697, ""breakout_window"": 77, ""buy_spacing_mult_bear"": 1.2, ""center_lookback"": 28, ""cooldown_bars"": 1, ""fee_pct"": 0.0025, ""min_edge_pct"": 0.010183852955663382, ""min_step_pct"": 0.02, ""min_strength"": 0.47717117493047023, ""no_sell_above_ema_fast_in_bull"": 1, ""num_grids"": 10, ""recenter_dwell_bars"": 16, ""recenter_threshold_pct"": 0.14232374430291642, ""sell_spacing_mult_bull"": 1.2340768224007708, ""side_when_bear"": 2, ""slippage_pct"": 0.01, ""strong_slope_min"": 0.005925635373365656, ""timeframe_minutes"": 60, ""tol_buy_hi"": 0.005980059222455586, ""tol_buy_lo"": 0.014286819869442954, ""tol_sell_hi"": 0.01220647411747574, ""tol_sell_lo"": 0.00293220897118862, ""trail_atr_mult"": 1.2850418046890661, ""trend_ema_fast"": 46, ""trend_ema_slow"": 286}",61.5,70.61576951494972,-24.21430939037421,-99.7381334979267,-97.2819582994882,71.19441214198335,1.8377091308163491,1.031682014169647,11,1706.1576951494972
79,DonchianChampionAggressiveStrategy,"{""ema_exit_days"": 2.1428496401374253, ""entry_days"": 10.937509839906465, ""exit_days"": 2.0428351525418496, ""timeframe_minutes"": 5, ""trailing_drawdown_pct"": 0.7374144475311413}",61.5,175.41207439211152,-24.21430939037421,-99.7381334979267,-87.19085991213358,177.1860422957804,1.6934421624530358,0.743745795408863,15,2754.1207439211153
92,GridTradingStrategyV2Aggressive,"{""allow_bear_breakout_sell"": 0, ""atr_mult"": 1.0, ""breakout_slope_min"": 0.0005, ""breakout_window"": 20, ""buy_spacing_mult_bear"": 1.1662417403322394, ""center_lookback"": 15, ""cooldown_bars"": 3, ""fee_pct"": 0.0025, ""min_edge_pct"": 0.014260022403536528, ""min_step_pct"": 0.022763896413724047, ""min_strength"": 0.55, ""no_sell_above_ema_fast_in_bull"": 1, ""num_grids"": 13, ""recenter_dwell_bars"": 13, ""recenter_threshold_pct"": 0.09891844059947136, ""sell_spacing_mult_bull"": 1.2309422674579662, ""side_when_bear"": 0, ""slippage_pct"": 0.01, ""strong_slope_min"": 0.001, ""timeframe_minutes"": 60, ""tol_buy_hi"": 0.008244684742657701, ""tol_buy_lo"": 0.01, ""tol_sell_hi"": 0.01, ""tol_sell_lo"": 0.008717848656271423, ""trail_atr_mult"": 2.997178023952545, ""trend_ema_fast"": 59, ""trend_ema_slow"": 171}",61.5,120.1181356160038,-24.21430939037421,-99.7381334979267,-97.2953365833661,121.22153352412224,1.9634271484678711,1.14470715405034,22,2201.181356160038
139,DonchianChampionAggressiveStrategy,"{""ema_exit_days"": 4.460543913156544, ""entry_days"": 6.07976134577268, ""exit_days"": 2.534420824769389, ""timeframe_minutes"": 5, ""trailing_drawdown_pct"": 0.4944922820047365}",61.5,174.5608092710449,-24.21430939037421,-99.7381334979267,-89.65791965170772,176.3238728884887,1.6573791101746056,0.9158398880606446,21,2745.608092710449
23,CSMARevertStrategy,"{""atr_mult"": 1.7271664762896741, ""atr_period"": 36, ""entry_drop"": 0.2428980459527046, ""exit_up"": 0.8212241343039712, ""n_sma"": 766, ""rsi_max"": 32.0, ""rsi_period"": 33, ""timeframe_minutes"": 5}",61.5,126.42042518790446,-24.21430939037421,-99.7381334979267,-95.04749163561817,127.59612861449168,1.7215550311725105,0.3845540108073487,10,2264.2042518790445
29,DonchianChampionAggressiveStrategy,"{""ema_exit_days"": 2.994808620521482, ""entry_days"": 9.88024851373218, ""exit_days"": 2.082302727280357, ""timeframe_minutes"": 5, ""trailing_drawdown_pct"": 0.8254415261368481}",61.5,168.17434067690854,-24.21430939037421,-99.7381334979267,-90.22341730347742,169.85614073316424,1.6656360191329131,0.7638983536465429,15,2681.7434067690856
144,DonchianChampionAggressiveStrategy,"{""ema_exit_days"": 3.3465381567361794, ""entry_days"": 5.894035740617225, ""exit_days"": 2.3528272938846837, ""timeframe_minutes"": 5, ""trailing_drawdown_pct"": 0.34815196251896485}",61.5,196.07582541137697,-24.21430939037421,-99.7381334979267,-90.85216730772143,198.11954742928194,1.7108432274436896,0.9095058817926089,21,2960.75825411377
127,GridTradingStrategyV2Aggressive,"{""allow_bear_breakout_sell"": 1, ""atr_mult"": 1.0690643435190075, ""breakout_slope_min"": 0.00416780345764407, ""breakout_window"": 70, ""buy_spacing_mult_bear"": 1.313395617420074, ""center_lookback"": 10, ""cooldown_bars"": 5, ""fee_pct"": 0.0025, ""min_edge_pct"": 0.024378674805482854, ""min_step_pct"": 0.028807238504428855, ""min_strength"": 0.55, ""no_sell_above_ema_fast_in_bull"": 1, ""num_grids"": 10, ""recenter_dwell_bars"": 6, ""recenter_threshold_pct"": 0.22125501664423525, ""sell_spacing_mult_bull"": 1.647272333934016, ""side_when_bear"": 2, ""slippage_pct"": 0.01, ""strong_slope_min"": 0.000857930981172326, ""timeframe_minutes"": 60, ""tol_buy_hi"": 0.01244753743067701, ""tol_buy_lo"": 0.01516190859109439, ""tol_sell_hi"": 0.017878641138240538, ""tol_sell_lo"": 0.018967169742505494, ""trail_atr_mult"": 2.068501475952436, ""trend_ema_fast"": 56, ""trend_ema_slow"": 292}",61.5,121.77077474836393,-24.21430939037421,-99.7381334979267,-97.19662594215832,122.89302265641085,1.937471689315539,1.086185958032555,10,2217.707747483639
168,CSMARevertStrategy,"{""atr_mult"": 2.8081600222710046, ""atr_period"": 35, ""entry_drop"": 0.25, ""exit_up"": 0.26976365603834085, ""n_sma"": 797, ""rsi_max"": 46.244892991311914, ""rsi_period"": 47, ""timeframe_minutes"": 5}",61.5,104.69611884814864,-24.21430939037421,-99.7381334979267,-95.4222105486043,105.62752950305376,1.6752957107752582,0.37662756331941366,10,2046.9611884814863
47,GridTradingStrategyV2Aggressive,"{""allow_bear_breakout_sell"": 0, ""atr_mult"": 1.543954215841054, ""breakout_slope_min"": 0.00476005630762547, ""breakout_window"": 49, ""buy_spacing_mult_bear"": 1.3533682511021197, ""center_lookback"": 29, ""cooldown_bars"": 2, ""fee_pct"": 0.0025, ""min_edge_pct"": 0.02, ""min_step_pct"": 0.02, ""min_strength"": 0.709537304685552, ""no_sell_above_ema_fast_in_bull"": 0, ""num_grids"": 11, ""recenter_dwell_bars"": 13, ""recenter_threshold_pct"": 0.16239739405012266, ""sell_spacing_mult_bull"": 1.7074903886230093, ""side_when_bear"": 2, ""slippage_pct"": 0.01, ""strong_slope_min"": 0.001, ""timeframe_minutes"": 60, ""tol_buy_hi"": 0.005, ""tol_buy_lo"": 0.011817435288133608, ""tol_sell_hi"": 0.016036544150785443, ""tol_sell_lo"": 0.018810684193249362, ""trail_atr_mult"": 2.0, ""trend_ema_fast"": 64, ""trend_ema_slow"": 127}",61.5,54.91848221471809,-24.21430939037421,-99.7381334979267,-97.29546490603545,55.34883759358107,1.8204767583264005,1.0395460900239906,11,1549.184822147181
151,CompositeMomentumIndexStrategy,"{""roc_period"": 18, ""rsi_period"": 26, ""signal_threshold"": 0.7, ""tsi_long"": 24, ""tsi_short"": 11}",61.5,319.7481935661797,-24.21430939037421,-99.7381334979267,-91.10354242717017,323.5815275140458,1.7131330540056287,0.9994108209362668,15,4197.481935661796
18,CSMARevertStrategy,"{""atr_mult"": 0.7674263044502262, ""atr_period"": 15, ""entry_drop"": 0.55902742122353, ""exit_up"": 0.19889698779157206, ""n_sma"": 603, ""rsi_max"": 19.878294011289803, ""rsi_period"": 49, ""timeframe_minutes"": 5}",61.5,300.87276578596106,-24.21430939037421,-99.7381334979267,-92.18318994521731,304.41577862631675,1.9883661620892692,0.24029696298200112,3,4008.727657859611
74,DonchianChampionAggressiveStrategy,"{""ema_exit_days"": 1.7023667986914806, ""entry_days"": 11.223021453355088, ""exit_days"": 2.0, ""timeframe_minutes"": 5, ""trailing_drawdown_pct"": 0.9597280630056938}",61.5,183.228905005218,-24.21430939037421,-99.7381334979267,-87.1057362611949,185.10378569991204,1.715706838283496,0.7519204354206885,15,2832.28905005218
24,DonchianChampionAggressiveStrategy,"{""ema_exit_days"": 4.490389958457174, ""entry_days"": 11.0, ""exit_days"": 2.0, ""timeframe_minutes"": 5, ""trailing_drawdown_pct"": 0.5085430723860368}",61.5,211.73672815733116,-24.21430939037421,-99.7381334979267,-87.59627650387799,213.99110272580467,1.7883679194345694,0.7898080819924179,14,3117.3672815733116
154,DonchianChampionAggressiveStrategy,"{""ema_exit_days"": 3.0, ""entry_days"": 6.276294581133021, ""exit_days"": 1.910993109982173, ""timeframe_minutes"": 5, ""trailing_drawdown_pct"": 0.9844877333812574}",61.5,271.74376151936605,-24.21430939037421,-99.7381334979267,-89.1868454271633,274.85006836744,1.8787662117978314,0.9598460233932482,21,3717.4376151936603
164,DonchianChampionAggressiveStrategy,"{""ema_exit_days"": 2.3723786875514707, ""entry_days"": 10.433125035808722, ""exit_days"": 2.5624564828830954, ""timeframe_minutes"": 5, ""trailing_drawdown_pct"": 0.6105487017373141}",61.5,164.36630273492932,-24.21430939037421,-99.7381334979267,-88.22694605083183,166.00011110712563,1.6587372203529165,0.7485384779225278,14,2643.6630273492933
156,CompositeMomentumIndexStrategy,"{""roc_period"": 5, ""rsi_period"": 11, ""signal_threshold"": 0.11899335891274283, ""tsi_long"": 30, ""tsi_short"": 12}",61.5,276.78467960358245,-24.21430939037421,-99.7381334979267,-97.79268074625794,279.9655410371041,1.7222212394177394,1.3066215307994096,29,3767.8467960358244
19,DonchianChampionAggressiveStrategy,"{""ema_exit_days"": 2.3179914992224977, ""entry_days"": 13.854827324463965, ""exit_days"": 2.3062170672028826, ""timeframe_minutes"": 5, ""trailing_drawdown_pct"": 0.5192559479632237}",61.5,145.56023532330892,-24.21430939037421,-99.7381334979267,-90.12623685483318,146.96229813285217,1.61465576111221,0.658269283195762,12,2455.602353233089
124,DonchianChampionAggressiveStrategy,"{""ema_exit_days"": 4.146854421170984, ""entry_days"": 15.93539398892287, ""exit_days"": 1.5262537853801503, ""timeframe_minutes"": 5, ""trailing_drawdown_pct"": 0.35199727168336914}",61.5,260.0793551862976,-24.21430939037421,-99.7381334979267,-88.07456892426964,263.01484245097157,1.9611181066737953,0.6908050147305731,10,3600.793551862976
159,DonchianChampionAggressiveStrategy,"{""ema_exit_days"": 2.1725826223790468, ""entry_days"": 8.737579980542975, ""exit_days"": 2.4425475881881895, ""timeframe_minutes"": 5, ""trailing_drawdown_pct"": 0.5265942968201841}",61.5,155.46002717260015,-24.21430939037421,-99.7381334979267,-91.16016015609387,156.9829754339803,1.6227306627817994,0.7758442582427577,16,2554.6002717260017
106,CompositeMomentumIndexStrategy,"{""roc_period"": 20, ""rsi_period"": 22, ""signal_threshold"": 0.5736794884324005, ""tsi_long"": 25, ""tsi_short"": 13}",61.5,203.34287605209164,-24.21430939037421,-99.7381334979267,-93.22237956202277,205.48370108760673,1.524256820356992,0.6456134426526258,19,3033.428760520916
96,CompositeMomentumIndexStrategy,"{""roc_period"": 10, ""rsi_period"": 14, ""signal_threshold"": 0.3736068496828085, ""tsi_long"": 27, ""tsi_short"": 13}",61.5,235.355869983997,-24.21430939037421,-99.7381334979267,-97.51693181021064,237.9374271438513,1.6534464343610382,1.1467367650505842,30,3353.55869983997
177,GridTradingStrategyV2Aggressive,"{""allow_bear_breakout_sell"": 1, ""atr_mult"": 0.7155273490402464, ""breakout_slope_min"": 0.0003329795235567343, ""breakout_window"": 47, ""buy_spacing_mult_bear"": 1.2, ""center_lookback"": 20, ""cooldown_bars"": 5, ""fee_pct"": 0.0025, ""min_edge_pct"": 0.018454000684307872, ""min_step_pct"": 0.016199449502710624, ""min_strength"": 0.6971265878667499, ""no_sell_above_ema_fast_in_bull"": 0, ""num_grids"": 10, ""recenter_dwell_bars"": 6, ""recenter_threshold_pct"": 0.2402059180258198, ""sell_spacing_mult_bull"": 1.704226040245565, ""side_when_bear"": 1, ""slippage_pct"": 0.01, ""strong_slope_min"": 0.007756360106126434, ""timeframe_minutes"": 60, ""tol_buy_hi"": 0.012347270613135319, ""tol_buy_lo"": 0.008906206076039444, ""tol_sell_hi"": 0.01, ""tol_sell_lo"": 0.005, ""trail_atr_mult"": 1.1914393949861681, ""trend_ema_fast"": 68, ""trend_ema_slow"": 383}",61.5,62.88915498149259,-24.21430939037421,-99.7381334979267,-99.70933678292042,63.39359630336831,1.9958127240906196,1.910193360196983,5,1628.8915498149258
98,CSMARevertStrategy,"{""atr_mult"": 1.9722299889782482, ""atr_period"": 48, ""entry_drop"": 0.5617090811171588, ""exit_up"": 0.13518256292332242, ""n_sma"": 716, ""rsi_max"": 45.7332950004253, ""rsi_period"": 35, ""timeframe_minutes"": 5}",61.5,125.70860691973826,-24.21430939037421,-99.7381334979267,-92.18318994521731,126.8760868070697,1.6779484879873856,0.25869942024074,3,2257.0860691973826
99,DonchianChampionAggressiveStrategy,"{""ema_exit_days"": 1.6854535378364512, ""entry_days"": 6.129990698871087, ""exit_days"": 2.574681866279267, ""timeframe_minutes"": 5, ""trailing_drawdown_pct"": 0.6679662540537032}",61.5,163.55550274676807,-24.21430939037421,-99.7381334979267,-89.94808496480506,165.17913810536604,1.6293954001580293,0.8996916934489425,21,2635.5550274676807
2,GridTradingStrategyV2Aggressive,"{""allow_bear_breakout_sell"": 0, ""atr_mult"": 1.0, ""breakout_slope_min"": 0.00033270069707429077, ""breakout_window"": 39, ""buy_spacing_mult_bear"": 1.0456744989335278, ""center_lookback"": 18, ""cooldown_bars"": 2, ""fee_pct"": 0.0025, ""min_edge_pct"": 0.02748232816069903, ""min_step_pct"": 0.021499586500967213, ""min_strength"": 0.55, ""no_sell_above_ema_fast_in_bull"": 1, ""num_grids"": 10, ""recenter_dwell_bars"": 11, ""recenter_threshold_pct"": 0.16442869486653333, ""sell_spacing_mult_bull"": 1.3, ""side_when_bear"": 1, ""slippage_pct"": 0.01, ""strong_slope_min"": 0.001, ""timeframe_minutes"": 60, ""tol_buy_hi"": 0.008542595076311749, ""tol_buy_lo"": 0.007287147950143612, ""tol_sell_hi"": 0.01, ""tol_sell_lo"": 0.010329682087992, ""trail_atr_mult"": 2.908596934218547, ""trend_ema_fast"": 58, ""trend_ema_slow"": 173}",61.5,54.517293557875135,-24.21430939037421,-99.7381334979267,-99.73218488798811,54.9439881946511,1.9808836783311425,1.897198462317802,6,1545.1729355787513
101,CompositeMomentumIndexStrategy,"{""roc_period"": 20, ""rsi_period"": 16, ""signal_threshold"": 0.08820869257245718, ""tsi_long"": 23, ""tsi_short"": 6}",61.5,205.08510335566365,-24.21430939037421,-99.7381334979267,-97.2592283973102,207.2493753797263,1.580750624963144,1.2070787032193444,35,3050.851033556636
103,CSMARevertStrategy,"{""atr_mult"": 1.1999027293829942, ""atr_period"": 34, ""entry_drop"": 0.25, ""exit_up"": 0.11111071946994133, ""n_sma"": 745, ""rsi_max"": 18.644481051152177, ""rsi_period"": 14, ""timeframe_minutes"": 5}",61.5,287.9809887112321,-24.21430939037421,-99.7381334979267,-92.18318994521731,291.3289855921346,1.9712473495513885,0.4338743137565299,10,3879.809887112321
12,GridTradingStrategyV2Aggressive,"{""allow_bear_breakout_sell"": 0, ""atr_mult"": 1.3170651373265372, ""breakout_slope_min"": 0.0018089807377759247, ""breakout_window"": 16, ""buy_spacing_mult_bear"": 1.0600430137939967, ""center_lookback"": 20, ""cooldown_bars"": 5, ""fee_pct"": 0.0025, ""min_edge_pct"": 0.02, ""min_step_pct"": 0.024741612690229658, ""min_strength"": 0.6235096610748861, ""no_sell_above_ema_fast_in_bull"": 1, ""num_grids"": 11, ""recenter_dwell_bars"": 11, ""recenter_threshold_pct"": 0.20377485171959225, ""sell_spacing_mult_bull"": 1.6726845466314297, ""side_when_bear"": 0, ""slippage_pct"": 0.01, ""strong_slope_min"": 0.006387772933118676, ""timeframe_minutes"": 60, ""tol_buy_hi"": 0.008949836595518176, ""tol_buy_lo"": 0.01941403763386857, ""tol_sell_hi"": 0.018820790357673697, ""tol_sell_lo"": 0.014220516866434498, ""trail_atr_mult"": 2.233422462669721, ""trend_ema_fast"": 78, ""trend_ema_slow"": 221}",61.5,131.1743934357792,-24.21430939037421,-99.7381334979267,-97.27981575066819,132.4053845078402,1.98571178361027,1.159944266494463,20,2311.743934357792
172,GridTradingStrategyV2Aggressive,"{""allow_bear_breakout_sell"": 0, ""atr_mult"": 1.0, ""breakout_slope_min"": 0.0005, ""breakout_window"": 16, ""buy_spacing_mult_bear"": 1.6763417917559273, ""center_lookback"": 18, ""cooldown_bars"": 6, ""fee_pct"": 0.0025, ""min_edge_pct"": 0.008875967431168657, ""min_step_pct"": 0.012056294198588979, ""min_strength"": 0.6567934998196173, ""no_sell_above_ema_fast_in_bull"": 0, ""num_grids"": 11, ""recenter_dwell_bars"": 8, ""recenter_threshold_pct"": 0.0933443259408787, ""sell_spacing_mult_bull"": 1.7800308809009278, ""side_when_bear"": 2, ""slippage_pct"": 0.01, ""strong_slope_min"": 0.001, ""timeframe_minutes"": 60, ""tol_buy_hi"": 0.010443209932723288, ""tol_buy_lo"": 0.009145805335176012, ""tol_sell_hi"": 0.01, ""tol_sell_lo"": 0.00934631994761425, ""trail_atr_mult"": 3.4867819636627866, ""trend_ema_fast"": 52, ""trend_ema_slow"": 200}",61.5,73.4432404884754,-24.21430939037421,-99.7381334979267,-97.19662594215832,74.04960138066095,1.8442369758845627,1.0392148639259873,11,1734.4324048847539
200,Strategy_62_RSIAvgs,"{""ma_periods"": [5, 10, 20], ""overbought"": 70, ""oversold"": 27, ""rsi_period"": 48, ""signal_threshold"": 0.6}",61.5,478.87390973405167,-24.21430939037421,-99.7381334979267,-87.52449446209522,485.35163153707623,1.8936283401304173,0.9722369274631388,3,5788.739097340516
82,GridTradingStrategyV2Aggressive,"{""allow_bear_breakout_sell"": 0, ""atr_mult"": 1.0, ""breakout_slope_min"": 0.0022985757196579263, ""breakout_window"": 20, ""buy_spacing_mult_bear"": 1.5325009807461778, ""center_lookback"": 20, ""cooldown_bars"": 4, ""fee_pct"": 0.0025, ""min_edge_pct"": 0.013979548502110434, ""min_step_pct"": 0.012877210700243379, ""min_strength"": 0.55, ""no_sell_above_ema_fast_in_bull"": 0, ""num_grids"": 19, ""recenter_dwell_bars"": 16, ""recenter_threshold_pct"": 0.12, ""sell_spacing_mult_bull"": 1.305538675641817, ""side_when_bear"": 2, ""slippage_pct"": 0.01, ""strong_slope_min"": 0.00612350883110393, ""timeframe_minutes"": 60, ""tol_buy_hi"": 0.0062496982898771185, ""tol_buy_lo"": 0.014880036039037977, ""tol_sell_hi"": 0.006268026424556137, ""tol_sell_lo"": 0.008003588112294228, ""trail_atr_mult"": 1.199618109957117, ""trend_ema_fast"": 66, ""trend_ema_slow"": 364}",61.5,114.46411161828753,-24.21430939037421,-99.7381334979267,-97.35079583116311,115.5036248915748,1.9265237794633647,1.079203336347595,10,2144.6411161828755
157,GridTradingStrategyV2Aggressive,"{""allow_bear_breakout_sell"": 0, ""atr_mult"": 1.0, ""breakout_slope_min"": 0.0008349585474890138, ""breakout_window"": 41, ""buy_spacing_mult_bear"": 1.4500744809987256, ""center_lookback"": 15, ""cooldown_bars"": 6, ""fee_pct"": 0.0025, ""min_edge_pct"": 0.013420237539404276, ""min_step_pct"": 0.02086987149236246, ""min_strength"": 0.5945587700164711, ""no_sell_above_ema_fast_in_bull"": 0, ""num_grids"": 7, ""recenter_dwell_bars"": 4, ""recenter_threshold_pct"": 0.0882895767467968, ""sell_spacing_mult_bull"": 1.1870469123347516, ""side_when_bear"": 1, ""slippage_pct"": 0.01, ""strong_slope_min"": 0.009441282774844914, ""timeframe_minutes"": 60, ""tol_buy_hi"": 0.015278119145558666, ""tol_buy_lo"": 0.005399296848532334, ""tol_sell_hi"": 0.016014900467279318, ""tol_sell_lo"": 0.012759943043067518, ""trail_atr_mult"": 2.0, ""trend_ema_fast"": 63, ""trend_ema_slow"": 200}",61.5,121.37578471792531,-24.21430939037421,-99.7381334979267,-97.99377495279626,122.49352016913546,1.9922090443039406,1.2861026348813802,15,2213.757847179253
199,DonchianChampionAggressiveStrategy,"{""ema_exit_days"": 3.0, ""entry_days"": 11.0, ""exit_days"": 2.4911029794749897, ""timeframe_minutes"": 5, ""trailing_drawdown_pct"": 0.4585923231554323}",61.5,165.51549201729654,-24.21430939037421,-99.7381334979267,-88.19921660561418,167.16374645949367,1.6622360490884032,0.7492764666487155,14,2655.1549201729654
109,DonchianChampionAggressiveStrategy,"{""ema_exit_days"": 3.0, ""entry_days"": 9.215895083674926, ""exit_days"": 2.0, ""timeframe_minutes"": 5, ""trailing_drawdown_pct"": 0.4902503915163253}",61.5,232.41777747929473,-24.21430939037421,-99.7381334979267,-88.84192339092478,234.95803684175135,1.8282041857441802,0.8386764674596211,15,3324.1777747929473
3,CSMARevertStrategy,"{""atr_mult"": 2.196495314839534, ""atr_period"": 35, ""entry_drop"": 0.8373048292087434, ""exit_up"": 0.3029223366472711, ""n_sma"": 420, ""rsi_max"": 19.274459043989108, ""rsi_period"": 15, ""timeframe_minutes"": 5}",61.5,234.6521573328203,-24.21430939037421,-99.7381334979267,-73.56834732914186,237.22380799429192,1.6984988824307485,0.11042104919383026,1,3346.5215733282034
152,GridTradingStrategyV2Aggressive,"{""allow_bear_breakout_sell"": 0, ""atr_mult"": 0.7975910664515677, ""breakout_slope_min"": 0.0005, ""breakout_window"": 41, ""buy_spacing_mult_bear"": 1.1371120339947354, ""center_lookback"": 40, ""cooldown_bars"": 0, ""fee_pct"": 0.0025, ""min_edge_pct"": 0.02, ""min_step_pct"": 0.02368623155811176, ""min_strength"": 0.47329088480096015, ""no_sell_above_ema_fast_in_bull"": 0, ""num_grids"": 11, ""recenter_dwell_bars"": 15, ""recenter_threshold_pct"": 0.11816732122167184, ""sell_spacing_mult_bull"": 1.6776767767427563, ""side_when_bear"": 0, ""slippage_pct"": 0.01, ""strong_slope_min"": 0.009922733365894762, ""timeframe_minutes"": 60, ""tol_buy_hi"": 0.005, ""tol_buy_lo"": 0.019077990983106922, ""tol_sell_hi"": 0.01, ""tol_sell_lo"": 0.011482252848905614, ""trail_atr_mult"": 2.0, ""trend_ema_fast"": 58, ""trend_ema_slow"": 200}",61.5,132.9166039846762,-24.21430939037421,-99.7381334979267,-97.32654376479191,134.16801423060542,1.9873265430178555,1.1590974055402932,23,2329.1660398467616
113,CSMARevertStrategy,"{""atr_mult"": 3.9544689309145045, ""atr_period"": 6, ""entry_drop"": 0.25, ""exit_up"": 0.07414918551972494, ""n_sma"": 832, ""rsi_max"": 34.95596658500496, ""rsi_period"": 7, ""timeframe_minutes"": 5}",61.5,146.22153827975546,-24.21430939037421,-99.7381334979267,-94.84498073208275,147.63159752384166,1.7615151143063745,0.39668275167811307,10,2462.2153827975544
17,GridTradingStrategyV2Aggressive,"{""allow_bear_breakout_sell"": 0, ""atr_mult"": 0.6738876639086522, ""breakout_slope_min"": 0.0005, ""breakout_window"": 17, ""buy_spacing_mult_bear"": 1.287503098728239, ""center_lookback"": 20, ""cooldown_bars"": 4, ""fee_pct"": 0.0025, ""min_edge_pct"": 0.029428224808901435, ""min_step_pct"": 0.02, ""min_strength"": 0.55, ""no_sell_above_ema_fast_in_bull"": 1, ""num_grids"": 10, ""recenter_dwell_bars"": 6, ""recenter_threshold_pct"": 0.12, ""sell_spacing_mult_bull"": 1.1318953596155585, ""side_when_bear"": 1, ""slippage_pct"": 0.01, ""strong_slope_min"": 0.002648524428581369, ""timeframe_minutes"": 60, ""tol_buy_hi"": 0.010555842762549146, ""tol_buy_lo"": 0.01, ""tol_sell_hi"": 0.009509861364698526, ""tol_sell_lo"": 0.005, ""trail_atr_mult"": 2.0, ""trend_ema_fast"": 50, ""trend_ema_slow"": 200}",61.5,27.632293693770006,-24.21430939037421,-99.7381334979267,-98.29211748032496,27.829796219017222,1.8605174373825732,1.4395237005730364,1,1276.3229369377
194,DonchianChampionAggressiveStrategy,"{""ema_exit_days"": 3.065819960789151, ""entry_days"": 9.648869155554234, ""exit_days"": 2.1605105604955708, ""timeframe_minutes"": 5, ""trailing_drawdown_pct"": 0.970586446267098}",61.5,169.8839774523916,-24.21430939037421,-99.7381334979267,-90.42345747554607,171.5874367716157,1.6703089606572399,0.7663508229662287,15,2698.8397745239163
27,GridTradingStrategyV2Aggressive,"{""allow_bear_breakout_sell"": 0, ""atr_mult"": 0.9564922701731611, ""breakout_slope_min"": 0.0009157666751125758, ""breakout_window"": 11, ""buy_spacing_mult_bear"": 1.004242118199043, ""center_lookback"": 21, ""cooldown_bars"": 2, ""fee_pct"": 0.0025, ""min_edge_pct"": 0.02, ""min_step_pct"": 0.03265078350745214, ""min_strength"": 0.75857803442943, ""no_sell_above_ema_fast_in_bull"": 0, ""num_grids"": 9, ""recenter_dwell_bars"": 6, ""recenter_threshold_pct"": 0.20456868056537655, ""sell_spacing_mult_bull"": 1.480607255378481, ""side_when_bear"": 2, ""slippage_pct"": 0.01, ""strong_slope_min"": 0.0015716143389159752, ""timeframe_minutes"": 60, ""tol_buy_hi"": 0.00816717165306435, ""tol_buy_lo"": 0.010397327318469353, ""tol_sell_hi"": 0.006270851147483229, ""tol_sell_lo"": 0.0024270413914637802, ""trail_atr_mult"": 3.394740824613502, ""trend_ema_fast"": 73, ""trend_ema_slow"": 122}",61.5,60.05922463057427,-24.21430939037421,-99.7381334979267,-97.32676315948667,60.53707014012468,1.8311037248324007,1.0464899445814442,6,1600.5922463057427
44,DonchianChampionAggressiveStrategy,"{""ema_exit_days"": 1.9043934666221367, ""entry_days"": 11.0, ""exit_days"": 1.3747850489695652, ""timeframe_minutes"": 5, ""trailing_drawdown_pct"": 0.7756962893144016}",61.5,170.05715215582944,-24.21430939037421,-99.7381334979267,-85.48970955431689,171.7628092968385,1.6938173469825533,0.6786952301232635,18,2700.5715215582945
187,GridTradingStrategyV2Aggressive,"{""allow_bear_breakout_sell"": 0, ""atr_mult"": 1.437572001152097, ""breakout_slope_min"": 0.0020641929190814367, ""breakout_window"": 19, ""buy_spacing_mult_bear"": 1.4304968852620563, ""center_lookback"": 20, ""cooldown_bars"": 6, ""fee_pct"": 0.0025, ""min_edge_pct"": 0.01777320063506897, ""min_step_pct"": 0.021135442328861876, ""min_strength"": 0.7764947086524614, ""no_sell_above_ema_fast_in_bull"": 1, ""num_grids"": 12, ""recenter_dwell_bars"": 5, ""recenter_threshold_pct"": 0.23888854062332893, ""sell_spacing_mult_bull"": 1.3, ""side_when_bear"": 2, ""slippage_pct"": 0.01, ""strong_slope_min"": 0.006696670203465973, ""timeframe_minutes"": 60, ""tol_buy_hi"": 0.011057079388735262, ""tol_buy_lo"": 0.006216264709747561, ""tol_sell_hi"": 0.017157524759372666, ""tol_sell_lo"": 0.004071022943153554, ""trail_atr_mult"": 2.8211954651565216, ""trend_ema_fast"": 25, ""trend_ema_slow"": 372}",61.5,149.11000770362594,-24.21430939037421,-99.7381334979267,-97.36358807788196,150.55512729665773,1.9838643207005249,1.1111101042810259,9,2491.1000770362593
77,GridTradingStrategyV2Aggressive,"{""allow_bear_breakout_sell"": 0, ""atr_mult"": 0.6090825623525584, ""breakout_slope_min"": 0.002176362101772317, ""breakout_window"": 47, ""buy_spacing_mult_bear"": 1.3077454609364692, ""center_lookback"": 17, ""cooldown_bars"": 3, ""fee_pct"": 0.0025, ""min_edge_pct"": 0.02, ""min_step_pct"": 0.013985562749573868, ""min_strength"": 0.693128742135559, ""no_sell_above_ema_fast_in_bull"": 1, ""num_grids"": 13, ""recenter_dwell_bars"": 4, ""recenter_threshold_pct"": 0.19851287304129678, ""sell_spacing_mult_bull"": 1.2298082114684168, ""side_when_bear"": 1, ""slippage_pct"": 0.01, ""strong_slope_min"": 0.001, ""timeframe_minutes"": 60, ""tol_buy_hi"": 0.005640639080305871, ""tol_buy_lo"": 0.009712463092119332, ""tol_sell_hi"": 0.014155253085893403, ""tol_sell_lo"": 0.004391877340860505, ""trail_atr_mult"": 3.3278997765025586, ""trend_ema_fast"": 40, ""trend_ema_slow"": 370}",61.5,27.651960053679826,-24.21430939037421,-99.7381334979267,-98.2918543823011,27.849617848930343,1.8567850883259247,1.4343354625392657,2,1276.5196005367982
192,GridTradingStrategyV2Aggressive,"{""allow_bear_breakout_sell"": 0, ""atr_mult"": 1.5307975411842536, ""breakout_slope_min"": 0.0007475973723443719, ""breakout_window"": 46, ""buy_spacing_mult_bear"": 1.3962536085138684, ""center_lookback"": 26, ""cooldown_bars"": 5, ""fee_pct"": 0.0025, ""min_edge_pct"": 0.014135448103692293, ""min_step_pct"": 0.02, ""min_strength"": 0.49253976709231634, ""no_sell_above_ema_fast_in_bull"": 1, ""num_grids"": 15, ""recenter_dwell_bars"": 15, ""recenter_threshold_pct"": 0.15844391337366578, ""sell_spacing_mult_bull"": 1.3, ""side_when_bear"": 2, ""slippage_pct"": 0.01, ""strong_slope_min"": 0.005187676257770293, ""timeframe_minutes"": 60, ""tol_buy_hi"": 0.008301219229310122, ""tol_buy_lo"": 0.007508628974713896, ""tol_sell_hi"": 0.006876528118277045, ""tol_sell_lo"": 0.015270692004746483, ""trail_atr_mult"": 3.320040908682433, ""trend_ema_fast"": 49, ""trend_ema_slow"": 176}",61.5,88.93444762678516,-24.21430939037421,-99.7381334979267,-97.28870700812327,89.69778649972653,1.879094122809873,1.0627460450124253,14,1889.3444762678514
89,DonchianChampionAggressiveStrategy,"{""ema_exit_days"": 2.3253152942254633, ""entry_days"": 12.079522364447392, ""exit_days"": 2.1118701591305644, ""timeframe_minutes"": 5, ""trailing_drawdown_pct"": 0.7715247392738517}",61.5,128.3723639516042,-24.21430939037421,-99.7381334979267,-88.61965987444964,129.5706913352499,1.5494972264940547,0.6761864288631023,15,2283.723639516042
4,DonchianChampionAggressiveStrategy,"{""ema_exit_days"": 2.0409406350147683, ""entry_days"": 10.519470050695322, ""exit_days"": 1.7402419832292182, ""timeframe_minutes"": 5, ""trailing_drawdown_pct"": 0.27484249918615145}",61.5,204.74210026859544,-24.21430939037421,-99.7381334979267,-84.72581160314017,206.90175107522347,1.77768675884471,0.7624470935662826,16,3047.4210026859546
37,GridTradingStrategyV2Aggressive,"{""allow_bear_breakout_sell"": 0, ""atr_mult"": 0.9479839813477426, ""breakout_slope_min"": 0.0029018643843195355, ""breakout_window"": 73, ""buy_spacing_mult_bear"": 1.0324397975041228, ""center_lookback"": 37, ""cooldown_bars"": 5, ""fee_pct"": 0.0025, ""min_edge_pct"": 0.02945775080763568, ""min_step_pct"": 0.02, ""min_strength"": 0.582728322894496, ""no_sell_above_ema_fast_in_bull"": 1, ""num_grids"": 7, ""recenter_dwell_bars"": 16, ""recenter_threshold_pct"": 0.12, ""sell_spacing_mult_bull"": 1.6926856126418448, ""side_when_bear"": 0, ""slippage_pct"": 0.01, ""strong_slope_min"": 0.0011537534019605824, ""timeframe_minutes"": 60, ""tol_buy_hi"": 0.005, ""tol_buy_lo"": 0.005548765425218983, ""tol_sell_hi"": 0.017529635518382967, ""tol_sell_lo"": 0.005, ""trail_atr_mult"": 2.0, ""trend_ema_fast"": 50, ""trend_ema_slow"": 183}",61.5,117.14060295647882,-24.21430939037421,-99.7381334979267,-97.52615119093974,118.21024025948348,1.960925908783922,1.0436810772381209,7,2171.4060295647882
183,CSMARevertStrategy,"{""atr_mult"": 3.8277083412025354, ""atr_period"": 27, ""entry_drop"": 0.8324636318087497, ""exit_up"": 0.26110475680871004, ""n_sma"": 576, ""rsi_max"": 24.769439839755247, ""rsi_period"": 49, ""timeframe_minutes"": 5}",57.5,171.1599447144855,-24.21430939037421,-99.7381334979267,-73.56834732914186,172.87961448947615,1.4896992956208508,0.1229641135698842,1,2711.599447144855
169,DonchianChampionAggressiveStrategy,"{""ema_exit_days"": 4.44611903196712, ""entry_days"": 14.545295922279404, ""exit_days"": 2.910816022852373, ""timeframe_minutes"": 5, ""trailing_drawdown_pct"": 0.6322813314223782}",57.5,31.08177838580093,-24.21430939037421,-99.7381334979267,-92.65756327629025,31.306808731212055,1.1169034124892205,0.4663393432582922,12,1310.8177838580093
176,CompositeMomentumIndexStrategy,"{""roc_period"": 11, ""rsi_period"": 14, ""signal_threshold"": 0.5751087258131539, ""tsi_long"": 18, ""tsi_short"": 9}",57.5,14.175860211433111,-24.21430939037421,-99.7381334979267,-98.98747470378112,14.271826195940584,1.104831751894513,0.7717202232073012,33,1141.758602114331
193,CSMARevertStrategy,"{""atr_mult"": 2.6673523152852865, ""atr_period"": 42, ""entry_drop"": 0.8196131441484998, ""exit_up"": 0.6702273096670379, ""n_sma"": 576, ""rsi_max"": 32.0, ""rsi_period"": 44, ""timeframe_minutes"": 5}",57.5,171.1599447144855,-24.21430939037421,-99.7381334979267,-73.56834732914186,172.87961448947615,1.4896992956208508,0.1229641135698842,1,2711.599447144855
66,CompositeMomentumIndexStrategy,"{""roc_period"": 11, ""rsi_period"": 14, ""signal_threshold"": 0.011592208442696261, ""tsi_long"": 18, ""tsi_short"": 17}",57.5,37.16464097182908,-24.21430939037421,-99.7381334979267,-98.8272881020905,37.43961816809536,1.1969549831074011,0.8358546628555941,31,1371.6464097182907
188,CSMARevertStrategy,"{""atr_mult"": 3.4445380016001295, ""atr_period"": 39, ""entry_drop"": 0.8900470125841056, ""exit_up"": 0.8902316214101975, ""n_sma"": 576, ""rsi_max"": 18.355962180105983, ""rsi_period"": 25, ""timeframe_minutes"": 5}",57.5,171.1599447144855,-24.21430939037421,-99.7381334979267,-73.56834732914186,172.87961448947615,1.4896992956208508,0.1229641135698842,1,2711.599447144855
184,DonchianChampionAggressiveStrategy,"{""ema_exit_days"": 1.7536831302251814, ""entry_days"": 14.548921837934452, ""exit_days"": 1.1768218780936894, ""timeframe_minutes"": 5, ""trailing_drawdown_pct"": 0.9826694354646713}",57.5,42.80430343724042,-24.21430939037421,-99.7381334979267,-88.76208872774762,43.12713049009973,1.1811894336347348,0.40789494110244445,18,1428.0430343724042
86,CompositeMomentumIndexStrategy,"{""roc_period"": 7, ""rsi_period"": 12, ""signal_threshold"": 0.10002149621702375, ""tsi_long"": 33, ""tsi_short"": 13}",57.5,80.21222902848386,-24.21430939037421,-99.7381334979267,-96.08070396306533,80.88613733429295,1.351098076646783,0.9093195947272453,27,1802.1222902848385
121,CompositeMomentumIndexStrategy,"{""roc_period"": 12, ""rsi_period"": 12, ""signal_threshold"": 0.1845098409080933, ""tsi_long"": 30, ""tsi_short"": 19}",57.5,128.60535409466905,-24.21430939037421,-99.7381334979267,-98.44937456587554,129.80638911527603,1.4324683024442633,1.0000390128804404,32,2286.0535409466906
119,DonchianChampionAggressiveStrategy,"{""ema_exit_days"": 2.2674450926190333, ""entry_days"": 7.37986139818479, ""exit_days"": 1.4326305203322929, ""timeframe_minutes"": 5, ""trailing_drawdown_pct"": 0.9817071848470993}",57.5,64.99024701176465,-24.21430939037421,-99.7381334979267,-90.55520311797393,65.51463825284591,1.299401690874643,0.5845706023105492,25,1649.9024701176465
133,CSMARevertStrategy,"{""atr_mult"": 3.96953809371525, ""atr_period"": 31, ""entry_drop"": 0.8440065493479116, ""exit_up"": 0.4596235485297733, ""n_sma"": 627, ""rsi_max"": 17.225829848343523, ""rsi_period"": 11, ""timeframe_minutes"": 5}",57.5,122.87149630564977,-24.21430939037421,-99.7381334979267,-73.56834732914186,124.00634287726464,1.3014809342325198,0.13998301521561787,1,2228.7149630564977
58,CSMARevertStrategy,"{""atr_mult"": 1.8, ""atr_period"": 26, ""entry_drop"": 0.8843655172317848, ""exit_up"": 0.1614463169493492, ""n_sma"": 840, ""rsi_max"": 32.0, ""rsi_period"": 37, ""timeframe_minutes"": 5}",57.5,148.48215976942765,-24.21430939037421,-99.7381334979267,-73.56834732914186,149.91964016102298,1.3883449135669648,0.15015573394177645,1,2484.8215976942765
6,CompositeMomentumIndexStrategy,"{""roc_period"": 10, ""rsi_period"": 12, ""signal_threshold"": 0.8130156596644623, ""tsi_long"": 40, ""tsi_short"": 9}",57.5,7.385880652768884,-24.21430939037421,-99.7381334979267,-98.54855731273805,7.43438697482337,1.0869771881076435,0.7841281674988696,32,1073.8588065276888
56,CompositeMomentumIndexStrategy,"{""roc_period"": 11, ""rsi_period"": 12, ""signal_threshold"": 0.3988231113748451, ""tsi_long"": 40, ""tsi_short"": 19}",57.5,19.835663708687214,-24.21430939037421,-99.7381334979267,-98.82343711409564,19.973166893252593,1.1453084122513952,0.7736444033117548,28,1198.356637086872
108,CSMARevertStrategy,"{""atr_mult"": 2.9355959763939645, ""atr_period"": 47, ""entry_drop"": 0.9064167755960809, ""exit_up"": 0.006099084994763304, ""n_sma"": 562, ""rsi_max"": 42.54512830244393, ""rsi_period"": 14, ""timeframe_minutes"": 5}",57.5,171.1599447144855,-24.21430939037421,-99.7381334979267,-73.56834732914186,172.87961448947615,1.4896992956208508,0.1229641135698842,1,2711.599447144855
84,DonchianChampionAggressiveStrategy,"{""ema_exit_days"": 3.0, ""entry_days"": 10.778881323844374, ""exit_days"": 2.6063789834486366, ""timeframe_minutes"": 5, ""trailing_drawdown_pct"": 0.12502969854240553}",57.5,97.37794862917106,-24.21430939037421,-99.7381334979267,-60.374149177104066,98.23031851208381,1.2968271412853982,0.5686137243772114,30,1973.7794862917106
150,Strategy_62_RSIAvgs,"{""ma_periods"": [5, 10, 20], ""overbought"": 136, ""oversold"": 40, ""rsi_period"": 25, ""signal_threshold"": 0.7154557917404898}",57.0,-22.745497597950205,-24.21430939037421,-99.7381334979267,-99.7381334979267,-22.871742566613463,1.8292678264102311,1.9638094435178117,1,772.545024020498
85,Strategy_62_RSIAvgs,"{""ma_periods"": [5, 10, 20], ""overbought"": 115, ""oversold"": 30, ""rsi_period"": 13, ""signal_threshold"": 0.648432337060528}",57.0,-23.74347243667402,-24.21430939037421,-99.7381334979267,-99.7381334979267,-23.874359657110034,1.8252445708131988,1.9597721371501382,1,762.5652756332598
10,Strategy_62_RSIAvgs,"{""ma_periods"": [5, 10, 20], ""overbought"": 131, ""oversold"": 30, ""rsi_period"": 14, ""signal_threshold"": 0.8797068874048997}",57.0,-23.74347243667402,-24.21430939037421,-99.7381334979267,-99.7381334979267,-23.874359657110034,1.8252445708131988,1.9597721371501382,1,762.5652756332598
95,Strategy_62_RSIAvgs,"{""ma_periods"": [5, 10, 20], ""overbought"": 126, ""oversold"": 30, ""rsi_period"": 19, ""signal_threshold"": 0.5658926947847976}",57.0,-23.335861414933824,-24.21430939037421,-99.7381334979267,-99.7381334979267,-23.464862547164024,1.8268927275890405,1.9613890770778737,1,766.6413858506618
165,Strategy_62_RSIAvgs,"{""ma_periods"": [5, 10, 20], ""overbought"": 118, ""oversold"": 57, ""rsi_period"": 39, ""signal_threshold"": 0.1083801227404464}",57.0,-25.32592506415471,-24.21430939037421,-99.7381334979267,-99.7381334979267,-25.464002430653466,1.8186296592075464,1.9521057963830089,1,746.740749358453
195,Strategy_62_RSIAvgs,"{""ma_periods"": [5, 10, 20], ""overbought"": 115, ""oversold"": 37, ""rsi_period"": 12, ""signal_threshold"": 0.5995669152277759}",57.0,-23.74347243667402,-24.21430939037421,-99.7381334979267,-99.7381334979267,-23.874359657110034,1.8252445708131988,1.9597721371501382,1,762.5652756332598
155,Strategy_62_RSIAvgs,"{""ma_periods"": [5, 10, 20], ""overbought"": 95, ""oversold"": 53, ""rsi_period"": 19, ""signal_threshold"": 0.566153616904261}",57.0,-22.605027601061956,-24.21430939037421,-99.7381334979267,-99.7381334979267,-22.73061253487133,1.8298042802389172,1.964221824184606,1,773.9497239893805
15,Strategy_62_RSIAvgs,"{""ma_periods"": [5, 10, 20], ""overbought"": 121, ""oversold"": 43, ""rsi_period"": 14, ""signal_threshold"": 0.0110467434752336}",57.0,-22.71999068058137,-24.21430939037421,-99.7381334979267,-99.7381334979267,-22.846115919106758,1.8293706077310472,1.9639197913788136,1,772.8000931941863
45,Strategy_62_RSIAvgs,"{""ma_periods"": [5, 10, 20], ""overbought"": 136, ""oversold"": 17, ""rsi_period"": 9, ""signal_threshold"": 0.07221860460165341}",57.0,-11.956165594683444,-24.21430939037421,-99.7381334979267,-99.7381334979267,-12.027186971627724,1.8680157949025085,1.991433017478088,1,880.4383440531656
130,Strategy_62_RSIAvgs,"{""ma_periods"": [5, 10, 20], ""overbought"": 132, ""oversold"": 56, ""rsi_period"": 14, ""signal_threshold"": 0.7733987028112598}",57.0,-23.567740881953824,-24.21430939037421,-99.7381334979267,-99.7381334979267,-23.69781665820151,1.8259179674057824,1.96007216792207,1,764.3225911804617
120,Strategy_62_RSIAvgs,"{""ma_periods"": [5, 10, 20], ""overbought"": 131, ""oversold"": 31, ""rsi_period"": 29, ""signal_threshold"": 0.10341016572326855}",57.0,-23.187433656188507,-24.21430939037421,-99.7381334979267,-99.7381334979267,-23.31574455601021,1.827499858421358,1.9621131668709493,1,768.125663438115
189,DonchianChampionAggressiveStrategy,"{""ema_exit_days"": 3.9694062275858686, ""entry_days"": 14.964707623407476, ""exit_days"": 2.0, ""timeframe_minutes"": 5, ""trailing_drawdown_pct"": 0.07040095834624072}",53.58,9.726797059879623,-24.21430939037421,-99.7381334979267,-48.547675714487426,9.791364613479448,0.4474506012615384,0.1370417688952422,41,1097.2679705987962
149,DonchianChampionAggressiveStrategy,"{""ema_exit_days"": 2.101898470300613, ""entry_days"": 10.516969053461569, ""exit_days"": 1.0322300270324387, ""timeframe_minutes"": 5, ""trailing_drawdown_pct"": 0.9999977081929536}",53.5,6.513025428482533,-24.21430939037421,-99.7381334979267,-83.28783287728825,6.555625979005697,0.9344279227003026,0.32485373992051947,23,1065.1302542848252
90,Strategy_62_RSIAvgs,"{""ma_periods"": [5, 10, 20], ""overbought"": 70, ""oversold"": 21, ""rsi_period"": 32, ""signal_threshold"": 0.6}",53.5,29.32105679240884,-24.21430939037421,-99.7381334979267,-87.52449446209522,29.53196267581797,0.7198523201827024,0.09922901635077998,2,1293.2105679240883
73,CSMARevertStrategy,"{""atr_mult"": 3.0422643170796153, ""atr_period"": 43, ""entry_drop"": 0.6105351478766355, ""exit_up"": 0.08648426075988302, ""n_sma"": 798, ""rsi_max"": 32.0, ""rsi_period"": 5, ""timeframe_minutes"": 5}",53.0,-5.018849808268245,-24.21430939037421,-99.7381334979267,-95.91362133750548,-5.049839721328309,1.2448761336947445,0.19394303876798988,2,949.8115019173175
166,CompositeMomentumIndexStrategy,"{""roc_period"": 10, ""rsi_period"": 13, ""signal_threshold"": 0.43223943567206163, ""tsi_long"": 16, ""tsi_short"": 13}",53.0,-4.7987301133366245,-24.21430939037421,-99.7381334979267,-98.93844089486444,-4.828395672887343,1.0328358038633543,0.7542157344666305,33,952.0126988666337
65,Strategy_62_RSIAvgs,"{""ma_periods"": [5, 10, 20], ""overbought"": 70, ""oversold"": 32, ""rsi_period"": 13, ""signal_threshold"": 0.28273435941828484}",50.0,-10.806266175515344,-24.21430939037421,-99.7381334979267,-97.23426213067857,-10.870885902435056,1.044108366300193,0.9152875597853221,128,891.9373382448465
75,Strategy_62_RSIAvgs,"{""ma_periods"": [5, 10, 20], ""overbought"": 138, ""oversold"": 15, ""rsi_period"": 38, ""signal_threshold"": 0.6}",50.0,0.0,-24.21430939037421,-99.7381334979267,0.0,0.0,0.0,0.0,0,1000.0
131,CompositeMomentumIndexStrategy,"{""roc_period"": 18, ""rsi_period"": 17, ""signal_threshold"": 0.9495239597063687, ""tsi_long"": 25, ""tsi_short"": 8}",49.0,-5.042218859668479,-24.21430939037421,-99.7381334979267,-98.39401540715288,-5.0733491821419285,0.9893381648823977,0.7144634292794071,30,949.5778114033152
20,Strategy_62_RSIAvgs,"{""ma_periods"": [5, 10, 20], ""overbought"": 67, ""oversold"": 31, ""rsi_period"": 16, ""signal_threshold"": 0.6}",47.5,-4.893621357442635,-24.21430939037421,-99.7381334979267,-97.2481356077664,-4.923858229957167,0.9453202188846023,0.6413270011377358,108,951.0637864255737
30,Strategy_62_RSIAvgs,"{""ma_periods"": [5, 10, 20], ""overbought"": 84, ""oversold"": 33, ""rsi_period"": 47, ""signal_threshold"": 0.5571188307763644}",30.52,-38.27821000824996,-24.21430939037421,-99.7381334979267,-99.7381334979267,-38.46666952820156,1.7436294116859958,1.778460456436903,1,617.2178999175004
105,Strategy_62_RSIAvgs,"{""ma_periods"": [5, 10, 20], ""overbought"": 107, ""oversold"": 28, ""rsi_period"": 30, ""signal_threshold"": 0.23643738376269752}",30.12,-39.60522074210022,-24.21430939037421,-99.7381334979267,-99.7381334979267,-39.797921271376545,1.733878520434241,1.7596369415007942,1,603.9477925789978
5,Strategy_62_RSIAvgs,"{""ma_periods"": [5, 10, 20], ""overbought"": 117, ""oversold"": 20, ""rsi_period"": 18, ""signal_threshold"": 0.8272205985557703}",23.0,-77.0964080813105,-24.21430939037421,-99.7381334979267,-99.7381334979267,-77.30934660399097,1.4157444453609658,1.4075969428069273,1,229.03591918689506
50,Strategy_62_RSIAvgs,"{""ma_periods"": [5, 10, 20], ""overbought"": 117, ""oversold"": 30, ""rsi_period"": 49, ""signal_threshold"": 0.007418143275049416}",23.0,-73.54105903231765,-24.21430939037421,-99.7381334979267,-99.62193946071697,-73.76306952105445,1.4248457122958078,1.3458282934387908,1,264.5894096768235
140,Strategy_62_RSIAvgs,"{""ma_periods"": [5, 10, 20], ""overbought"": 70, ""oversold"": 54, ""rsi_period"": 33, ""signal_threshold"": 0.41576208352719835}",21.5,-70.4348833201726,-24.21430939037421,-99.7381334979267,-99.74308386262268,-70.66232615858374,1.4454420287286935,1.5230474068448816,44,295.6511667982739
38,CSMARevertStrategy,"{""atr_mult"": 1.8, ""atr_period"": 6, ""entry_drop"": 0.027345126937755482, ""exit_up"": 0.016799499158906772, ""n_sma"": 576, ""rsi_max"": 28.49601099895663, ""rsi_period"": 33, ""timeframe_minutes"": 5}",20.79,-47.360989415105934,-24.21430939037421,-99.7381334979267,-97.84751867884664,-47.57462905055828,1.1852159317174435,0.699673519751819,122,526.3901058489406
21,CompositeMomentumIndexStrategy,"{""roc_period"": 17, ""rsi_period"": 14, ""signal_threshold"": 0.1758790200290631, ""tsi_long"": 21, ""tsi_short"": 13}",19.0,-90.16328056248028,-24.21430939037421,-99.7381334979267,-99.89904443148383,-90.30679275719551,0.7627368587269258,0.5176472612687532,34,98.36719437519726
141,CompositeMomentumIndexStrategy,"{""roc_period"": 11, ""rsi_period"": 12, ""signal_threshold"": 0.4038710603959657, ""tsi_long"": 28, ""tsi_short"": 13}",13.65,-96.53017624020404,-24.21430939037421,-99.7381334979267,-99.92341848718712,-96.6033042269349,0.3314275413204876,0.21612298950444506,32,34.698237597959555
191,CompositeMomentumIndexStrategy,"{""roc_period"": 19, ""rsi_period"": 8, ""signal_threshold"": 0.7, ""tsi_long"": 28, ""tsi_short"": 13}",11.72,-97.4904786011594,-24.21430939037421,-99.7381334979267,-99.72228590507756,-97.54840712732987,0.2776469020116197,0.2077229299955082,66,25.095213988406122
146,CompositeMomentumIndexStrategy,"{""roc_period"": 10, ""rsi_period"": 8, ""signal_threshold"": 0.9481975202450261, ""tsi_long"": 30, ""tsi_short"": 13}",11.66,-97.62301308876093,-24.21430939037421,-99.7381334979267,-99.86641360814467,-97.67868060439993,0.27047601526577675,0.20939257220397892,56,23.769869112390598
61,CompositeMomentumIndexStrategy,"{""roc_period"": 18, ""rsi_period"": 10, ""signal_threshold"": 0.6981171928888531, ""tsi_long"": 25, ""tsi_short"": 13}",10.28,-98.60731872731063,-24.21430939037421,-99.7381334979267,-99.91406297779312,-98.64453458221763,0.0971211278251879,0.07561551869495443,54,13.92681272689379
51,CompositeMomentumIndexStrategy,"{""roc_period"": 7, ""rsi_period"": 8, ""signal_threshold"": 0.9189785423373731, ""tsi_long"": 40, ""tsi_short"": 7}",9.5,-99.4251528266503,-24.21430939037421,-99.7381334979267,-99.92797340488377,-99.44364292044685,-0.17692617699781657,-0.14043668474133048,48,5.748471733496933
136,CompositeMomentumIndexStrategy,"{""roc_period"": 16, ""rsi_period"": 7, ""signal_threshold"": 0.3952380393196724, ""tsi_long"": 15, ""tsi_short"": 5}",9.5,-100.0,-24.21430939037421,-99.7381334979267,-100.0,-100.0,-1.9323594297336415,-1.0309402339336353,96,0.0
36,CompositeMomentumIndexStrategy,"{""roc_period"": 14, ""rsi_period"": 6, ""signal_threshold"": 0.5285427114381644, ""tsi_long"": 25, ""tsi_short"": 16}",9.5,-100.0,-24.21430939037421,-99.7381334979267,-100.0,-100.0,-1.7892252909471633,-1.042859860424706,86,0.0
41,CompositeMomentumIndexStrategy,"{""roc_period"": 9, ""rsi_period"": 5, ""signal_threshold"": 0.7, ""tsi_long"": 17, ""tsi_short"": 12}",9.5,-100.0,-24.21430939037421,-99.7381334979267,-100.0,-100.0,-1.9137098314313854,-0.9135457629883523,107,0.0
110,Strategy_62_RSIAvgs,"{""ma_periods"": [5, 10, 20], ""overbought"": 49, ""oversold"": 52, ""rsi_period"": 27, ""signal_threshold"": 0.2407867704243578}",8.0,-100.0,-24.21430939037421,-99.7381334979267,-100.0,-100.0,-5.967747692636346,-1.1771485689379169,167,0.0
115,Strategy_62_RSIAvgs,"{""ma_periods"": [5, 10, 20], ""overbought"": 53, ""oversold"": 34, ""rsi_period"": 14, ""signal_threshold"": 0.4510420621319319}",8.0,-99.78623164489044,-24.21430939037421,-99.7381334979267,-99.78623164489044,-99.79440052673351,-3.537628450327701,-1.7870490713730216,318,2.1376835510956496
190,Strategy_62_RSIAvgs,"{""ma_periods"": [5, 10, 20], ""overbought"": 56, ""oversold"": 30, ""rsi_period"": 8, ""signal_threshold"": 0.6}",8.0,-100.0,-24.21430939037421,-99.7381334979267,-100.0,-100.0,-4.081512930906173,-1.5000183706409047,336,0.0
70,Strategy_62_RSIAvgs,"{""ma_periods"": [5, 10, 20], ""overbought"": 65, ""oversold"": 37, ""rsi_period"": 18, ""signal_threshold"": 0.28732523159727186}",8.0,-97.3780821820246,-24.21430939037421,-99.7381334979267,-98.80023071837147,-97.43789388908105,-0.4428139191055497,-0.39184441298704575,181,26.219178179754106
43,CSMARevertStrategy,"{""atr_mult"": 2.19823912392213, ""atr_period"": 11, ""entry_drop"": 0.030924036813540057, ""exit_up"": 0.06672236352195793, ""n_sma"": 915, ""rsi_max"": 32.0, ""rsi_period"": 8, ""timeframe_minutes"": 5}",8.0,-100.0,-24.21430939037421,-99.7381334979267,-100.0,-100.0,-1.9472433704895613,-1.1456044601837347,146,0.0
185,Strategy_62_RSIAvgs,"{""ma_periods"": [5, 10, 20], ""overbought"": 67, ""oversold"": 54, ""rsi_period"": 12, ""signal_threshold"": 0.2021979303349517}",8.0,-99.98483262201499,-24.21430939037421,-99.7381334979267,-99.98729001128687,-99.98565478292673,-4.172197732499457,-2.5449407679506173,164,0.15167377984998742
40,Strategy_62_RSIAvgs,"{""ma_periods"": [5, 10, 20], ""overbought"": 60, ""oversold"": 39, ""rsi_period"": 24, ""signal_threshold"": 0.7778910413540414}",8.0,-96.69273359791795,-24.21430939037421,-99.7381334979267,-98.70184843296683,-96.7634199608272,-0.6244676408630849,-0.5147521265067185,230,33.07266402082046
